text,label,predicted_label,predicted_probability,prob_negative,prob_neutral,prob_positive
android marshmallow <number> . <number> . <number> won't let me log on the by existing account just keeps saying setting up bbm please fix,negative,neutral,0.4919731616973877,0.4481532573699951,0.4919731616973877,0.059873584657907486
map animation stopped working,negative,negative,0.8630966544151306,0.8630966544151306,0.11471742391586304,0.022185854613780975
"good, but slow workflow.",positive,neutral,0.6195030808448792,0.011473489925265312,0.6195030808448792,0.36902347207069397
nice app to use with friends,neutral,positive,0.9160704016685486,0.007849248126149178,0.07608027756214142,0.9160704016685486
"i love this app, but i wish they had more outfit selections for maternity. other than that it's pretty awesome.",positive,positive,0.9234133362770081,0.008163492195308208,0.06842319667339325,0.9234133362770081
radar in motion won't work.,negative,negative,0.9639517664909363,0.9639517664909363,0.027459513396024704,0.008588702417910099
only opened <number> st <number> th pages of <url>,negative,negative,0.8935838937759399,0.8935838937759399,0.08969820290803909,0.0167179387062788
when i was being rained on it said no rain in your <url> it is still a good weather app.,neutral,neutral,0.5973073840141296,0.04169432446360588,0.5973073840141296,0.360998272895813
everthing is tought before its use,neutral,negative,0.5883058309555054,0.5883058309555054,0.35910293459892273,0.052591171115636826
good content. worth downloading,neutral,positive,0.7207705974578857,0.008914710022509098,0.27031463384628296,0.7207705974578857
"it's a great and fun app for emoji use, i like the customization. but there needs to be more clothing and style options. i feel like there needs to be styles with clothing and hair, such as punk, goth, rocker, traditional, futuristic, fairy, and many more. other than wanting more styles to choose from this app is great",positive,positive,0.9117801189422607,0.008353091776371002,0.07986677438020706,0.9117801189422607
"wow, this is a terrible app. no open dialog or page goto. i had expected better from an actual adobe app.",negative,negative,0.9664515256881714,0.9664515256881714,0.025522174313664436,0.00802634283900261
i m fed of this <url> has posted it add every where,negative,negative,0.5621118545532227,0.5621118545532227,0.3687001168727875,0.06918804347515106
it is very usefull browser,positive,positive,0.7558340430259705,0.016753286123275757,0.22741270065307617,0.7558340430259705
its a bit slow vs thinking office and also text anti aliasing is bad,neutral,neutral,0.8471918106079102,0.06053030490875244,0.8471918106079102,0.09227782487869263
"it was great for me and the owner was very nice to us.,but the price change when i pay from <number> to <number>",neutral,positive,0.49190250039100647,0.04545975476503372,0.4626378118991852,0.49190250039100647
provide some good <url> the only bad thing about this app is lack of good <url> hope you make it <url>,neutral,neutral,0.5201519727706909,0.012769307941198349,0.5201519727706909,0.46707868576049805
problem with saving large photos plz fix ir,neutral,neutral,0.5252072811126709,0.40730080008506775,0.5252072811126709,0.06749196350574493
its a good app but we dont have a night mode option for reading in which the background becomes black and text becomes white in color.,positive,neutral,0.8204113245010376,0.028543272987008095,0.8204113245010376,0.15104538202285767
i hate the new version of bbm,negative,negative,0.9451780915260315,0.9451780915260315,0.04598189890384674,0.008839943446218967
is an interesting app to use.,positive,positive,0.9156802296638489,0.009575987234711647,0.07474373281002045,0.9156802296638489
"used to be great. now lots of issues with network. i keep getting no network errors, as failed to update errors even when signal is great, or i'm connected to my wi-fi at home.",neutral,negative,0.7995717525482178,0.7995717525482178,0.18251027166843414,0.017917947843670845
it always has me in virginia and i live in florida,neutral,positive,0.6741288304328918,0.07100801169872284,0.2548631429672241,0.6741288304328918
it is the very good ape to any one download,positive,positive,0.9046270251274109,0.008455587550997734,0.0869174525141716,0.9046270251274109
not up to the mark,neutral,negative,0.5821047425270081,0.5821047425270081,0.3333398699760437,0.08455539494752884
useless boring it's of no use now days just like mxit,negative,negative,0.9550899863243103,0.9550899863243103,0.03753918036818504,0.007370754145085812
very easy to use,positive,positive,0.8197487592697144,0.02161313034594059,0.158638134598732,0.8197487592697144
worst upadate this update dont respond whenever i access my download section so hated it.,negative,negative,0.9702543020248413,0.9702543020248413,0.0232130978256464,0.006532691884785891
i have lots of state that i watch. my home town will not show what it feels like. all the others do. i have tried a few different things and it won't work. don't understand but it is important to me to know how cold it feels out. i can go to hourly and it tells me but should not have to! i'm uninstalling!,neutral,negative,0.6413718461990356,0.6413718461990356,0.3016301691532135,0.056998010724782944
better and more accurate then most other weather apps.,positive,positive,0.8766975998878479,0.010228804312646389,0.11307365447282791,0.8766975998878479
fun!!! just wish i could make one of my bf.,neutral,positive,0.8977229595184326,0.011752658523619175,0.09052441269159317,0.8977229595184326
worthless does not open password protected pdf as stated,negative,negative,0.9279572367668152,0.9279572367668152,0.05845874175429344,0.013584072701632977
shoddy ui and keeps logging me out,negative,neutral,0.5370767116546631,0.4172312319278717,0.5370767116546631,0.045692067593336105
"very accurate, which is important! how about a <number> x <number> widget?",positive,positive,0.871907114982605,0.009081932716071606,0.11901091784238815,0.871907114982605
i like the set up.,positive,positive,0.8616366982460022,0.008321178145706654,0.13004207611083984,0.8616366982460022
"looks interesting at initial install, however the advertisement photos and the camera lay out are different to my install on a samsung galaxy note <number> . missing too many features compared to the full pc. version, particularly tagging and indexing. camera is not as good as the original camera being on the dark side. a nice app. however adds not enough to warrant keeping. perhaps in the future updates. most notably is missing the side by side photo comparison which was the main reason for installation.",neutral,neutral,0.6912615299224854,0.021741626784205437,0.6912615299224854,0.28699690103530884
nexus <number> and samsung s <number>,positive,neutral,0.44025513529777527,0.33571553230285645,0.44025513529777527,0.22402934730052948
"crashing. app crashes and freezes constantly. on htc one m <number> , and the app is completely broken.",negative,negative,0.9553524851799011,0.9553524851799011,0.03461604565382004,0.010031485930085182
plz provide watermarking <url>,positive,positive,0.5526608228683472,0.08058974146842957,0.3667493760585785,0.5526608228683472
u can download all movies in any language at movie <url> it okkk,neutral,neutral,0.6747111082077026,0.24423226714134216,0.6747111082077026,0.08105660229921341
pls add more features for android like iphone features,neutral,positive,0.637462317943573,0.0405765101313591,0.3219611942768097,0.637462317943573
nice app but when i taking picture with this app i have little problem here the range have limited only <number> - <number> meter even i set focus to infinity still can't get to it. i shoot with pro mode <url> you can fix that it will be <url>,neutral,positive,0.5252569317817688,0.015444998629391193,0.45929810404777527,0.5252569317817688
it's not a web browser. it's an ad browser,negative,negative,0.8345763087272644,0.8345763087272644,0.14568038284778595,0.019743287935853004
a lot of a bug here,negative,negative,0.6739098429679871,0.6739098429679871,0.2746599018573761,0.05143028870224953
shame forest starts again every day would be nice to build a huge forest like monthly or so,positive,neutral,0.5880935192108154,0.2819555997848511,0.5880935192108154,0.1299508810043335
"this app is so fun! my friends and family love exchanging silly bitmojis in our texts. the only reason why i gave it <number> stars is because i wish there was a way for your to organize the bitmojis, so you can quickly access certain ones instead of having to scroll through them or search. also, the outfits are pretty awful. they need a little more fashion. lol however, the art and creativity in the bitmojis are terrific!",positive,positive,0.8451206684112549,0.012889678589999676,0.1419895887374878,0.8451206684112549
i love it but we need video support!,neutral,positive,0.6244216561317444,0.05110497772693634,0.32447338104248047,0.6244216561317444
the app is is good but,neutral,neutral,0.7728472948074341,0.017781594768166542,0.7728472948074341,0.20937110483646393
it is taking forever to load. never had this issue before. just started a few weeks ago,neutral,negative,0.4884372651576996,0.4884372651576996,0.4398646950721741,0.07169808447360992
map stopped animating over a week ago on my samsung galaxy s <number> . please fix. used to be the <signature>,negative,negative,0.6974866986274719,0.6974866986274719,0.2665913999080658,0.03592183440923691
"it definitely helps me stay focused and off my phone. the one complaint i have is that when i have my phone on silent/vibrate, when i plant a tree my phone goes into standard/sounds on mode. i don't like that at all, i have it on silent for a reason.",positive,positive,0.7916728258132935,0.008536886423826218,0.19979026913642883,0.7916728258132935
one   for doing this nasty ios port,negative,neutral,0.42032885551452637,0.36061227321624756,0.42032885551452637,0.21905888617038727
unmounted my sd card,negative,negative,0.9554355144500732,0.9554355144500732,0.03538079559803009,0.009183716028928757
why can i not delete saved locations? and ive read thtough it many times and dont see anyway at all to delte previously saved locations!!? im going to have to uninstall the app and then reinstall it to reset this location deleting issue u have!?!???,neutral,negative,0.9324759840965271,0.9324759840965271,0.058066658675670624,0.009457319043576717
"lacks capability to browse for local file. no goto page option, <number> page documents impossible to read. no 'bookmark' to save <url> apps avail",negative,negative,0.6683276295661926,0.6683276295661926,0.3063015341758728,0.025370799005031586
bbm is easy to use and simple way for chating to my friends and <url> !,neutral,positive,0.7654962539672852,0.01816503144800663,0.21633876860141754,0.7654962539672852
make it better please,positive,neutral,0.6073645353317261,0.025335222482681274,0.6073645353317261,0.36730024218559265
"i liked the game as well as the concept. it would be better if it gave a sort of buzzer when time was up, and if you could add some personalization.",positive,positive,0.8201325535774231,0.01615861803293228,0.16370880603790283,0.8201325535774231
"useful app nice app for opening documents, no adverts,easy to use and doesn't need a lot of experience",positive,positive,0.8632887005805969,0.007464395835995674,0.12924693524837494,0.8632887005805969
easy to book and great choice and information.,positive,positive,0.9402742981910706,0.007987183518707752,0.05173855647444725,0.9402742981910706
never trust earth networks again,negative,negative,0.9416126012802124,0.9416126012802124,0.04859989136457443,0.009787552058696747
what happened to the elite version i paid for?,negative,negative,0.9527817964553833,0.9527817964553833,0.036199066787958145,0.011019107885658741
lots of problems with the map,neutral,negative,0.5969666838645935,0.5969666838645935,0.347541868686676,0.05549147352576256
simple and easy to use,positive,positive,0.7649518847465515,0.013450916856527328,0.22159714996814728,0.7649518847465515
"enjoyed the app until the <url> then the ticker quit <url> the pop up ads in the ticker are annoying. when you get all that shut off in settings, it works great!",positive,positive,0.809406042098999,0.012339230626821518,0.17825470864772797,0.809406042098999
radar does not work. will not stay on my home city.,negative,negative,0.9605827927589417,0.9605827927589417,0.028908399865031242,0.010508792474865913
it would be nice if it was in different languages.,neutral,positive,0.5269138813018799,0.011107866652309895,0.4619782567024231,0.5269138813018799
some tools can be available and improved without having to open an account or sign in each time like with drive but in general is pretty useful and have good features also please create the bin icon instead of the <number> dots and once you choose a file you can't delete only if you go back,positive,positive,0.6221938729286194,0.014297688379883766,0.3635084331035614,0.6221938729286194
"i love it! however, i do a lot of work on my phone and so i would like an option to run the app while using my phone, without it killing a tree!",positive,positive,0.902601420879364,0.012361383065581322,0.08503714203834534,0.902601420879364
good app easy to use. the lens correction function doesn't seem to work though. but maybe i am unaware of how it's supposed to work.,positive,positive,0.7610865831375122,0.007961549796164036,0.23095184564590454,0.7610865831375122
there should be feature by which we can see who saw my message in a group and who doesn't. like we have in what's app,positive,neutral,0.535641074180603,0.015138947404921055,0.535641074180603,0.4492199718952179
"can we get this to, somehow, plant an actual tree? say, for a certain amount of trees grown succesfully a tree gets planted at some forest in need.",negative,neutral,0.5852062106132507,0.0561254657804966,0.5852062106132507,0.3586682677268982
contains alot of ads,positive,neutral,0.6259609460830688,0.18142330646514893,0.6259609460830688,0.19261571764945984
can't search area,negative,negative,0.7969101071357727,0.7969101071357727,0.19002385437488556,0.013066095300018787
good app for team communications,positive,positive,0.8256665468215942,0.00862076785415411,0.16571268439292908,0.8256665468215942
stopped showing up in my status bar,neutral,negative,0.6718451976776123,0.6718451976776123,0.28342798352241516,0.04472685605287552
use it for studying,positive,positive,0.8833234906196594,0.018695419654250145,0.09798110276460648,0.8833234906196594
too much ads i dont want uc news stop showing me ads to download uc news,negative,neutral,0.4903889298439026,0.4360347390174866,0.4903889298439026,0.07357626408338547
installed this app on my zt <number> tablet but wont work annoying!,negative,negative,0.9226973652839661,0.9226973652839661,0.06915450841188431,0.008148111402988434
the tree does not die no matter which app i <url> i have tried every setting possible but it doesnot <url>,negative,negative,0.8878664970397949,0.8878664970397949,0.08964194357395172,0.022491466253995895
i love  this app,positive,negative,0.379822701215744,0.379822701215744,0.3042595088481903,0.31591781973838806
need to have female and males,neutral,neutral,0.6352112889289856,0.21098585426807404,0.6352112889289856,0.1538028120994568
add tick tick clock sound in it,positive,positive,0.8057901859283447,0.013901173137128353,0.18030866980552673,0.8057901859283447
the radar won't work with samsung galaxy s <number> . so lame,negative,negative,0.9416998028755188,0.9416998028755188,0.04986271634697914,0.00843750685453415
great app. and loads pdf docs faster than many other apps,positive,positive,0.9371947646141052,0.01280283648520708,0.05000242590904236,0.9371947646141052
"fun app! wish i could draw some added details, but fun anyway.",positive,positive,0.8798815011978149,0.009061218239367008,0.11105729639530182,0.8798815011978149
pretty cool app to have.,positive,positive,0.7848719954490662,0.011692081578075886,0.20343594253063202,0.7848719954490662
"clumsy auto-import, but great overall",positive,neutral,0.5592250227928162,0.02111566998064518,0.5592250227928162,0.4196593165397644
useless without raw support,negative,negative,0.9674375057220459,0.9674375057220459,0.024500489234924316,0.008062010630965233
tried to use it for my team at work but they just wanted to use the whatsapp groups they currently do which is basically the same thing.,neutral,negative,0.8162361979484558,0.8162361979484558,0.15876872837543488,0.024995090439915657
i think this a smart browser but opera mini fast then uc but good effort by devolpers,positive,positive,0.5532124638557434,0.011896810494363308,0.4348907172679901,0.5532124638557434
i am facing problem while using it needed to work on user interface its getting slow and hangs sometimes,neutral,neutral,0.6881422996520996,0.23690073192119598,0.6881422996520996,0.0749569684267044
"it's an ok app, compared to whatsapp and line messenger",neutral,neutral,0.7042493224143982,0.011789406649768353,0.7042493224143982,0.2839612364768982
"won't open any .pdf files on my tmo vibrant (bionix <number> . <number> ), useless.",negative,negative,0.9702059030532837,0.9702059030532837,0.022755704820156097,0.007038299459964037
can you fix the quality of display picture,positive,neutral,0.7355867624282837,0.15113095939159393,0.7355867624282837,0.11328225582838058
can't move app to sd card,neutral,neutral,0.5926745533943176,0.3666550815105438,0.5926745533943176,0.04067026451230049
good app but more facilities we exprcted,neutral,neutral,0.6277745962142944,0.015469941310584545,0.6277745962142944,0.35675549507141113
app works great. consider changing the red triangular notification to a solid red color in the notification bar in android. on my note <number> it appears as transparent in the notification bar at the top.,positive,positive,0.8692534565925598,0.011790735647082329,0.11895579844713211,0.8692534565925598
plz update it it stick in the loading screen forever,negative,neutral,0.5239490866661072,0.3806326985359192,0.5239490866661072,0.0954182967543602
i like it but i wish there were more things and i wish we could customize shirts and stuff,positive,positive,0.8710116744041443,0.007588593754917383,0.12139976024627686,0.8710116744041443
my messages aren't going through to anyone. please fix immediately.,neutral,neutral,0.5518937706947327,0.3694615364074707,0.5518937706947327,0.07864470034837723
"i love it, but i'll select one to use and then it will show the new one sent, but a short time later, it will show that i resent an old one, not the one i just selected.",neutral,positive,0.6775740385055542,0.022352002561092377,0.3000739514827728,0.6775740385055542
my radar has stopped working! i've never had a problem with it until today please fix!,negative,negative,0.7600882053375244,0.7600882053375244,0.2089732140302658,0.03093854896724224
working properly for awhile and crashes later on,neutral,neutral,0.6743749380111694,0.08751443773508072,0.6743749380111694,0.23811061680316925
"a well-crafted, simple app",positive,positive,0.8697144389152527,0.010223389603197575,0.12006212770938873,0.8697144389152527
it was okay at the start and got me focussed but my phone's screen timed out and locked and then my tree withered. please fix this,negative,neutral,0.7973541617393494,0.08423425257205963,0.7973541617393494,0.11841166019439697
it's pretty useful!,positive,positive,0.8468850255012512,0.007726069539785385,0.1453889161348343,0.8468850255012512
why can my friends get the bitmojis with two people but i can't? frustrated.,neutral,neutral,0.5345231890678406,0.4122784435749054,0.5345231890678406,0.05319833755493164
remove obscene quotes and gestures,negative,negative,0.451282262802124,0.451282262802124,0.4283832609653473,0.12033454328775406
pretty good. app wish it let you face scan yourself.,positive,positive,0.8390902280807495,0.008891872130334377,0.15201792120933533,0.8390902280807495
very good but crashes often,neutral,positive,0.6191372275352478,0.01135110855102539,0.3695116639137268,0.6191372275352478
"lacking lens correction and blur features, otherwise i'd love it. please consider adding these, otherwise i'll have to use photo mate r <number> , cause while it doesn't have blur feature's it has great lens correction features so i can get my chromatic aberration effect : <number>",positive,neutral,0.5160968899726868,0.01946445368230343,0.5160968899726868,0.46443861722946167
the animation stopped working please fix!,negative,negative,0.9120192527770996,0.9120192527770996,0.07517577707767487,0.012804939411580563
goood one no one can see images unless u do hd,positive,negative,0.640942394733429,0.640942394733429,0.3028739094734192,0.056183721870183945
the app lags and consume lots of space.,negative,neutral,0.6140930652618408,0.2847099304199219,0.6140930652618408,0.10119698196649551
"great app, using for an <url> but, could it be upgraded with the feature 'desktop mode' ?",positive,positive,0.8397505283355713,0.01295777689665556,0.14729167520999908,0.8397505283355713
it was good before,neutral,neutral,0.7437390089035034,0.12005430459976196,0.7437390089035034,0.1362067312002182
i like the old spark better it was more accurate cuz it told you exactly how many miles away the lightning was now you gotta zoom in on the map just to see in a round about ways of where the lightning <url>,neutral,positive,0.6796630024909973,0.018643110990524292,0.3016939163208008,0.6796630024909973
"i really like it, but for a while now it hasn't been making my tree die when i touch my phone. also, after completing a set amount of time there's another number underneath my tree. i can't figure out what this means.",positive,neutral,0.5859588384628296,0.03215070068836212,0.5859588384628296,0.3818903863430023
annoying buttons below the chat text box.,neutral,neutral,0.7804421782493591,0.11235067993402481,0.7804421782493591,0.10720705986022949
i like this app for esuy to watch movie,positive,positive,0.9063995480537415,0.012864639982581139,0.08073580265045166,0.9063995480537415
"aaa please tell me why it doesnt show my cherry blossom <url> i just unlocked it with <number> coins, and i cant find it to grow it. arghh its frustrating.",neutral,negative,0.5118891596794128,0.5118891596794128,0.43636518716812134,0.05174565315246582
needs to save where you last left off thats all it needs <number> stars when it updates,neutral,neutral,0.665179967880249,0.24803847074508667,0.665179967880249,0.08678151667118073
the app draws the mobile addict in you and plays with his/her psyche.,positive,positive,0.6867859363555908,0.06952852010726929,0.2436855584383011,0.6867859363555908
it is helpful for fast downloading,positive,positive,0.8504920601844788,0.006769764702767134,0.1427382230758667,0.8504920601844788
hard to access emojis/sticker,positive,negative,0.7778522968292236,0.7778522968292236,0.1942913830280304,0.027856357395648956
why this app has become so big? earlier it used to be only <number> mbs now its <number> . please reduce the size. <signature>,neutral,neutral,0.57166588306427,0.33352819085121155,0.57166588306427,0.09480597078800201
directions make no sense,negative,negative,0.6882951855659485,0.6882951855659485,0.2801888883113861,0.031515952199697495
great app for photography but,neutral,positive,0.8465074896812439,0.009392237290740013,0.14410027861595154,0.8465074896812439
why can't they fix these issues,neutral,neutral,0.5884707570075989,0.25661328434944153,0.5884707570075989,0.154915913939476
not working with whats app,negative,negative,0.8948677182197571,0.8948677182197571,0.08438834547996521,0.020743917673826218
you have to put the search option in the app,positive,neutral,0.6730601191520691,0.10198086500167847,0.6730601191520691,0.22495903074741364
"its very usefull, also good <url> !!!",positive,positive,0.9026265740394592,0.007403089664876461,0.08997028321027756,0.9026265740394592
"its good. but the problem is whenever i charge my phone, and the forest app has been running, the moment the charging the moment the tree died. and i do not get a single coin. lol is not my fault that the tree died, but what i got-o coins and a dead tree.",neutral,neutral,0.7943869829177856,0.019522329792380333,0.7943869829177856,0.18609067797660828
tel me what to do,positive,neutral,0.5514732003211975,0.20777082443237305,0.5514732003211975,0.24075593054294586
some websites say i don't have adobe even though i have this loaded.,neutral,neutral,0.4755247235298157,0.44057348370552063,0.4755247235298157,0.08390186727046967
it is easy to find your distination but there is always a less price,neutral,neutral,0.6725136041641235,0.02484196238219738,0.6725136041641235,0.30264440178871155
i havent many friends here,positive,negative,0.6481592059135437,0.6481592059135437,0.3205026090145111,0.03133820742368698
"would like updates on the sun over a <number> hour loop, as well as wind maps, water temps. but one of the <signature>",positive,positive,0.7863482236862183,0.008419952355325222,0.20523178577423096,0.7863482236862183
where are the local adjustments?,positive,neutral,0.7360539436340332,0.09413949400186539,0.7360539436340332,0.1698065549135208
very easy to <url>,neutral,positive,0.8464860320091248,0.014428889378905296,0.13908511400222778,0.8464860320091248
easy to use very good deal.,positive,positive,0.9151291251182556,0.006771025713533163,0.0780998170375824,0.9151291251182556
this app doesnt want to sign me up,neutral,negative,0.9639739990234375,0.9639739990234375,0.028562095016241074,0.007463975343853235
always showing install even it has already installed,positive,neutral,0.4342130124568939,0.29677343368530273,0.4342130124568939,0.26901349425315857
the zooming feature is slow and consequently difficult to use.,neutral,neutral,0.7705143094062805,0.15643669664859772,0.7705143094062805,0.07304902374744415
great tool for on the go!,positive,positive,0.941677451133728,0.010482813231647015,0.0478396862745285,0.941677451133728
raw format not supported,neutral,neutral,0.6458902359008789,0.23613877594470978,0.6458902359008789,0.11797096580266953
"it's a cool thing to have, but it won't sync up with the mozilla addon",positive,neutral,0.7840995192527771,0.019722074270248413,0.7840995192527771,0.19617833197116852
great app but keeps crashing,neutral,neutral,0.6438844799995422,0.0690753236413002,0.6438844799995422,0.28704020380973816
"bbm is good ,hate the adverts",positive,neutral,0.7431014776229858,0.033915720880031586,0.7431014776229858,0.22298285365104675
how about a tablet ui?,neutral,neutral,0.5973895192146301,0.0706012025475502,0.5973895192146301,0.3320092558860779
prefer the website more,neutral,neutral,0.6146697402000427,0.06921186298131943,0.6146697402000427,0.31611841917037964
"good design. hope the plant real trees is a true story! also, why the highest ranking people are mostly asian? should expand your customers",positive,positive,0.8405406475067139,0.007411638740450144,0.1520477682352066,0.8405406475067139
"i am not disappointed, but pixlr is still a way better software.",neutral,neutral,0.6582041382789612,0.06891827285289764,0.6582041382789612,0.27287763357162476
"i love playing with bitmojis. the clothes in the personalization could use some updating, though. very little are things i'd ever actually wear. it would also be nice to add friends directly on the app to interact with their own bitmojis outside of snapchat.",positive,positive,0.9022181630134583,0.010750090703368187,0.08703174442052841,0.9022181630134583
i love it. i just wish i could delete images that i find offensive and would never use.,positive,positive,0.8975853323936462,0.022209104150533676,0.080205537378788,0.8975853323936462
i think in the new update they let you color customize any hair style and let you put cuts in your eyebrows.,positive,positive,0.843623161315918,0.01754135638475418,0.13883551955223083,0.843623161315918
automatically resizes with no way to change!!,negative,negative,0.9593134522438049,0.9593134522438049,0.032849669456481934,0.007836910896003246
don't like the new update,positive,neutral,0.5640585422515869,0.38874155282974243,0.5640585422515869,0.047199852764606476
i like my bbm now . <signature>,positive,positive,0.8819275498390198,0.012201209552586079,0.1058712750673294,0.8819275498390198
no more trees since update. just shrubs :'(,positive,neutral,0.6285644769668579,0.24980197846889496,0.6285644769668579,0.12163356691598892
would not updated on my phone and i tried like <number> times,negative,neutral,0.6251609921455383,0.20931121706962585,0.6251609921455383,0.16552779078483582
"needs more body shapes and sizes, as well as face lines around nose/cheeks",positive,neutral,0.7006077766418457,0.028929978609085083,0.7006077766418457,0.2704622149467468
took away floating head in txt,negative,negative,0.8461484313011169,0.8461484313011169,0.13188907504081726,0.02196248434484005
stopped working on my phone since the last update. will bring rating up when the problem is fixed.,negative,negative,0.8050386905670166,0.8050386905670166,0.17651331424713135,0.018447987735271454
works well. most of my pdf files require me to enter a username and password. this app will not allow me to. any chance of adding that?,neutral,neutral,0.707733154296875,0.017197437584400177,0.707733154296875,0.27506935596466064
"it's <url> ,add select area <url> mean make selection by <url>",neutral,neutral,0.553039014339447,0.060288283973932266,0.553039014339447,0.386672705411911
app doesn't always work. temp won't show in n status bar. doesn't keep track of moving locations,neutral,negative,0.513386607170105,0.513386607170105,0.462988942861557,0.023624448105692863
i hate this update,negative,negative,0.9597606062889099,0.9597606062889099,0.03363890200853348,0.006600440479815006
new updates are beyond worse,negative,neutral,0.441367506980896,0.27366647124290466,0.441367506980896,0.28496602177619934
where is wbug elite i paid for???,negative,negative,0.9428066611289978,0.9428066611289978,0.046184517443180084,0.01100887916982174
make the time lapse between editing each feature shorter,positive,neutral,0.7325153946876526,0.04498923942446709,0.7325153946876526,0.22249539196491241
add one more feature,positive,positive,0.7515131235122681,0.022981060668826103,0.22550585865974426,0.7515131235122681
the app was useful but avg virus scanner said it contains malware so i'm uninstalling to be safe,negative,neutral,0.7253828644752502,0.1545986384153366,0.7253828644752502,0.12001855671405792
i couldn't open it.,negative,negative,0.9561237096786499,0.9561237096786499,0.03436113893985748,0.009515182115137577
i think that uc is very nice,neutral,positive,0.7567417025566101,0.009449135512113571,0.23380917310714722,0.7567417025566101
mis the original bbm,negative,negative,0.669234573841095,0.669234573841095,0.2724287509918213,0.05833660438656807
new ui tanks usability,negative,positive,0.516398549079895,0.050358615815639496,0.4332428276538849,0.516398549079895
this app is so good,positive,positive,0.5560598373413086,0.014735924080014229,0.4292042553424835,0.5560598373413086
doesn't work on my htc droid eris!! can't open pdf attached emails. uninstalling!!,negative,negative,0.9650601744651794,0.9650601744651794,0.02668355591595173,0.008256230503320694
it's very good app for android mobile s,positive,positive,0.905922532081604,0.007609615568071604,0.08646780997514725,0.905922532081604
temp is all wrong,neutral,negative,0.9554139375686646,0.9554139375686646,0.035680316388607025,0.008905707858502865
id's easy to use and very helpful,positive,positive,0.9164677262306213,0.008066150359809399,0.0754661038517952,0.9164677262306213
"it seems everytime we're about to get severe weather, the app stops working. radar doesn't work, storm tracking doesn't <url> most critical time for something to work is during or before a storm, such as we're supposed to get today. this app works great on bright, sunny <url> 't depend on it if a storm is brewing though. it will quit working on you.",neutral,neutral,0.6913512349128723,0.22881008684635162,0.6913512349128723,0.0798385888338089
i guess its just the world i live in???,negative,neutral,0.6725742220878601,0.035914864391088486,0.6725742220878601,0.2915109694004059
just an idea. when editing/creating my bitmoji i think it'd be neat to have the option to mix and match parts of different outfits together or even change colours of parts.,positive,positive,0.7566623091697693,0.02656971663236618,0.21676799654960632,0.7566623091697693
app is good. no weather forecast is <url> very vague predictions.,positive,neutral,0.7765904664993286,0.020654305815696716,0.7765904664993286,0.20275521278381348
cannot attach pictures to reviews,neutral,neutral,0.6148154735565186,0.32020777463912964,0.6148154735565186,0.06497674435377121
great weather app! easy to use and quick to load. only wish it was easy to find a forecast video on it.,positive,positive,0.9289703965187073,0.008057868108153343,0.06297174096107483,0.9289703965187073
issue on local wifi,neutral,neutral,0.548879861831665,0.28282007575035095,0.548879861831665,0.1683000773191452
i dont like this app,negative,negative,0.8426027297973633,0.8426027297973633,0.14203213155269623,0.015365143306553364
on the right track,positive,neutral,0.5424659848213196,0.06630215793848038,0.5424659848213196,0.3912319242954254
best app for browsing,positive,positive,0.9361087083816528,0.00998723041266203,0.05390404164791107,0.9361087083816528
needs a dark mode for the notification bar. hate the bright white glaring at me.,positive,negative,0.4959934949874878,0.4959934949874878,0.47176027297973633,0.03224627301096916
"good app, but it doesn't support gif in android",positive,neutral,0.8079051375389099,0.03208233416080475,0.8079051375389099,0.16001251339912415
<salutation> i tried to sign in and i gave my email and password and from u a email also came but what next to <url> tried to click check again and continue but nothing happened,positive,negative,0.8990634083747864,0.8990634083747864,0.0810832530260086,0.019853297621011734
been using for several months now as a communication tool for various members of a nonprofit organization. it's only downfall that i can see are the occasional missed update alert and that there is no notification badge on the icon.,positive,positive,0.7521283030509949,0.04527202621102333,0.2025996744632721,0.7521283030509949
works for what i need,positive,positive,0.9049133062362671,0.021745063364505768,0.07334157079458237,0.9049133062362671
it's saying it's not up to date so i can't view my file. -htc evo,neutral,neutral,0.5700796842575073,0.3418026268482208,0.5700796842575073,0.08811765909194946
when you know how to use it it's pretty fun and useful same with adobe photoshop touch i have a ton of fun with that but you just have to know how to use it or it will not be fun that's why people are reading it for star i read it <number> stars i love it but only because i know how to use it,positive,neutral,0.5004215836524963,0.03211018070578575,0.5004215836524963,0.46746817231178284
best app ever ( my opinion),negative,positive,0.8583822846412659,0.023843256756663322,0.11777441203594208,0.8583822846412659
doesn't tie your account to gmail - so every new phone (or reflash) you have to retype <url>,negative,negative,0.6102232933044434,0.6102232933044434,0.36187565326690674,0.02790108323097229
great application for team collaboration,positive,positive,0.9436765313148499,0.011438180692493916,0.044885288923978806,0.9436765313148499
"crash easily,make my phone <url> its a great <url> u!",positive,positive,0.5148020386695862,0.08713868260383606,0.39805927872657776,0.5148020386695862
the menu bar above keyboard is annoying,positive,neutral,0.8035571575164795,0.10706604272127151,0.8035571575164795,0.08937681466341019
it's an essential tool.,positive,positive,0.9266590476036072,0.009305737912654877,0.06403515487909317,0.9266590476036072
this bbm doesnt work properly with the samsung notebook <number> . it is always showing limited bbm access. pls fix this,neutral,negative,0.8759868741035461,0.8759868741035461,0.10448329895734787,0.019529782235622406
"unless i open the app, i get no notifications even when my name is mentioned",negative,negative,0.5513280630111694,0.5513280630111694,0.37866413593292236,0.07000783085823059
it's good app but need more apps related chat process,positive,positive,0.5229653120040894,0.009324735961854458,0.4677099585533142,0.5229653120040894
"doesn't open all pdfs. i do a lot of work dealing with architectural plans. this does not render all of the pdfs (some open fine, others open blank).",negative,negative,0.49156713485717773,0.49156713485717773,0.4791409969329834,0.02929183840751648
quick way to book a motel when you need too,neutral,positive,0.5203981995582581,0.02216622792184353,0.4574355483055115,0.5203981995582581
can get out of the app by home button and use your <url> timer runs in the <url>,neutral,neutral,0.5784798264503479,0.34515368938446045,0.5784798264503479,0.07636646181344986
"honestly a joke compared to the desktop version of lightroom. i have one of the most powerful phones in existence and this app can't even scroll without lagging. i reinstalled today, <number> months later to find not only has nothing changed but my trial has expired and i now need to pay to use a laggy gimped version of software i already own.",negative,neutral,0.45509669184684753,0.4418947100639343,0.45509669184684753,0.10300855338573456
better for <url> !!!! you will try <url> !!!!,neutral,negative,0.4476056396961212,0.4476056396961212,0.44652265310287476,0.10587169229984283
backup feature was awesome,positive,neutral,0.48913177847862244,0.19805829226970673,0.48913177847862244,0.31280988454818726
amazing to use this one like superb,positive,positive,0.9331253170967102,0.012742675840854645,0.05413200333714485,0.9331253170967102
i can't post on any website.,neutral,negative,0.8986867070198059,0.8986867070198059,0.09001193940639496,0.01130130048841238
want some other features,neutral,neutral,0.5992087721824646,0.018992340192198753,0.5992087721824646,0.3817988932132721
this app is not user friendly,neutral,negative,0.8866173624992371,0.8866173624992371,0.09120573103427887,0.022176899015903473
force closes <number> / <number> !,negative,negative,0.8408768177032471,0.8408768177032471,0.1312672346830368,0.027855999767780304
what a waste of this apps effort the image meta data are always show false info when export image to gallery,negative,negative,0.9651951789855957,0.9651951789855957,0.02748239040374756,0.007322433404624462
it's a nic app n helpful <url>,positive,positive,0.7930204272270203,0.010505647398531437,0.1964738965034485,0.7930204272270203
how to change time ??,neutral,neutral,0.5869265794754028,0.1756451576948166,0.5869265794754028,0.23742824792861938
it's ok but this new version is not so impressive,neutral,neutral,0.8037049174308777,0.017767125740647316,0.8037049174308777,0.17852798104286194
this is a good movie downloader,positive,positive,0.8317874670028687,0.008785910904407501,0.15942668914794922,0.8317874670028687
want my old avatar can't find it,negative,negative,0.7724834680557251,0.7724834680557251,0.19612640142440796,0.031390123069286346
best of pdf file app,positive,positive,0.9020575284957886,0.019299514591693878,0.07864299416542053,0.9020575284957886
i would have gave <number> stars if y'all had more cute outfits for the girls to wear that is seasonal appropriate,positive,positive,0.7719603776931763,0.014897176995873451,0.21314239501953125,0.7719603776931763
was ok but i can easily use other apps when i press home,negative,neutral,0.7756502032279968,0.07898709177970886,0.7756502032279968,0.1453627198934555
"useless. can't log in using the app at all. deleted and reinstalled several times, still no luck.",negative,negative,0.9709341526031494,0.9709341526031494,0.02132202498614788,0.007743738126009703
"easy to use, but if i plant a tree to grow and then leave the app it doesn't die. don't know if that's a bug in the app, but knowibg it won't die once i exit the app gives me no reason to stay focused",positive,neutral,0.7912410497665405,0.03769589588046074,0.7912410497665405,0.17106299102306366
cuts down on paper usage.,positive,negative,0.6399597525596619,0.6399597525596619,0.3138517737388611,0.04618847370147705
<salutation> then dropped it. and now the radar animation doesn't work.,negative,negative,0.9585431814193726,0.9585431814193726,0.031514499336481094,0.009942388162016869
"good idea, but too slow on android. much better on desktop.",negative,neutral,0.7056045532226562,0.05442782863974571,0.7056045532226562,0.2399676889181137
"like everything about it, except that the radar animation is a little clunky.",positive,positive,0.7053049206733704,0.011155297979712486,0.2835397720336914,0.7053049206733704
it's the king when it comes on downloading from internet i really appreciate it,positive,positive,0.8972256183624268,0.014505725353956223,0.0882687121629715,0.8972256183624268
"i'm using uc browser from many years and its was amazing but from the last update i got, it get <url> everytime i open new site, it shows an error everytime. please fix this.",neutral,neutral,0.6879125833511353,0.13395282626152039,0.6879125833511353,0.17813462018966675
cant install this app on my s <number> . error cant install in default location,negative,negative,0.9247378706932068,0.9247378706932068,0.06786607950925827,0.007396096363663673
needs to include precipitation estimates,neutral,neutral,0.6602914333343506,0.032991956919431686,0.6602914333343506,0.30671656131744385
new version is a step back,negative,neutral,0.43740636110305786,0.2267645001411438,0.43740636110305786,0.33582913875579834
great but watch little bug,neutral,positive,0.8713241815567017,0.008787545375525951,0.1198882907629013,0.8713241815567017
i love this app.,positive,positive,0.47819045186042786,0.2622331976890564,0.25957638025283813,0.47819045186042786
"love the idea, and as long as i didn't touch my phone notifications and such didn't ruin my progress. however if i try to exit out of the app (to use whitelisted apps like my calculator) then it 'killed' my trees.",neutral,positive,0.5655280947685242,0.06485339999198914,0.3696184754371643,0.5655280947685242
"my mom found this before i did! i'm <number> and even i like it. lol great for all ages. you can make it look just like you to every detail, many clothes and accessory choices, and when you want to send a text to somebody they basically have everything you might want to say to somebody in a text or to reply back to somebody in a text message. plus cute little emojis of yourself doing things.",positive,positive,0.9341940879821777,0.00967105757445097,0.056134894490242004,0.9341940879821777
ads ads ads everywhere,neutral,negative,0.9395356178283691,0.9395356178283691,0.05127396062016487,0.009190386161208153
has gotten a bit better since last review. i really like the lightning strike display. helps me with my lightning photos,neutral,positive,0.9087896347045898,0.00848221592605114,0.08272812515497208,0.9087896347045898
i really enjoy it,positive,positive,0.8876215815544128,0.012734716758131981,0.09964369237422943,0.8876215815544128
i rely on accurate radar as i work outside everyday on a golf course. the daily and the hourly forecast constantly contradict each other though now and it's hard to figure out what the actual weather will be so i can only really rely on radar.,positive,positive,0.5441134572029114,0.03787149861454964,0.4180150628089905,0.5441134572029114
"i enjoyed it, but the app deleted all of my purchases, such as trees and sounds",neutral,positive,0.565902590751648,0.02949463203549385,0.4046027660369873,0.565902590751648
so far it's good,positive,neutral,0.5361979007720947,0.011262270621955395,0.5361979007720947,0.45253986120224
would like some custom messages when trees are planted,positive,positive,0.6882609128952026,0.01065891608595848,0.3010801672935486,0.6882609128952026
used to be good,negative,negative,0.7813798189163208,0.7813798189163208,0.18539562821388245,0.03322449326515198
make category select bradcast message!,neutral,neutral,0.455270379781723,0.09269663691520691,0.455270379781723,0.4520329236984253
causes allot of problems will change dates etc when making a booking. prob better off staying with web page.,negative,neutral,0.5511360764503479,0.3756093680858612,0.5511360764503479,0.07325460016727448
reflow feature quirky. can't somehow help feeling suspicious it is bugridden inside.,negative,neutral,0.8293493390083313,0.08601081371307373,0.8293493390083313,0.08463990688323975
i don't <url> i can't understand this appp,neutral,negative,0.9081067442893982,0.9081067442893982,0.07987657189369202,0.012016710825264454
crashes on galaxy s,negative,negative,0.7978090643882751,0.7978090643882751,0.16578468680381775,0.0364062525331974
force closes all the time. from a company with a good to great rep. i had expected better,negative,negative,0.5600583553314209,0.5600583553314209,0.368192583322525,0.07174902409315109
great <url> ruined with ads,neutral,negative,0.9570800065994263,0.9570800065994263,0.032717179507017136,0.010202853009104729
worst experience at hotel,negative,negative,0.9696751236915588,0.9696751236915588,0.02291036583483219,0.007414591033011675
heating and battery problem,neutral,negative,0.49920234084129333,0.49920234084129333,0.4453037977218628,0.055493906140327454
fed up with advertisements. oh my gosh. cannot tolerate this application anymore,negative,negative,0.8738676905632019,0.8738676905632019,0.11442318558692932,0.011709162965416908
this is the fastest app searching mode,positive,positive,0.8069544434547424,0.025320587679743767,0.16772496700286865,0.8069544434547424
"nice app for managing ongoing projects, teams, groups.",positive,positive,0.93983393907547,0.007942329160869122,0.052223797887563705,0.93983393907547
is not allways up to date with current weather.,positive,neutral,0.7907368540763855,0.13061906397342682,0.7907368540763855,0.0786440446972847
realy superrrr <url> saver app,positive,positive,0.5036286115646362,0.08967093378305435,0.4067004919052124,0.5036286115646362
<number> day trial? and then creative cloud?,negative,negative,0.5268462300300598,0.5268462300300598,0.3021451532840729,0.1710086613893509
the print button keeps shutting itself down,positive,negative,0.5322679877281189,0.5322679877281189,0.4173239767551422,0.05040803551673889
average performance in download,neutral,neutral,0.7467199563980103,0.10199257731437683,0.7467199563980103,0.15128743648529053
animation on radar stopped,negative,negative,0.928013801574707,0.928013801574707,0.05773928761482239,0.014246909879148006
"so far so good. surfing is made enjoyably interesting, thumb ups.",positive,positive,0.8891478180885315,0.007328012492507696,0.10352413356304169,0.8891478180885315
bbm sucks on my galaxy s <number> mini .,negative,negative,0.9557991027832031,0.9557991027832031,0.03690323233604431,0.007297675125300884
what did i download?,negative,negative,0.757883608341217,0.757883608341217,0.20721593499183655,0.03490052744746208
my favourite editing apl,positive,positive,0.8890014886856079,0.01830984652042389,0.09268873929977417,0.8890014886856079
so easy to use and appropriate advice,positive,positive,0.9313424825668335,0.007707202807068825,0.0609503798186779,0.9313424825668335
doesn't work properly.,negative,negative,0.9576741456985474,0.9576741456985474,0.03318243473768234,0.009143350645899773
"generally good, sometimes price filter doesn't work well.",positive,neutral,0.6548286080360413,0.0118186566978693,0.6548286080360413,0.3333526849746704
love this app pretty accurate,positive,positive,0.8968744874000549,0.023032959550619125,0.08009257167577744,0.8968744874000549
as much as <number> degrees off!,negative,neutral,0.5572942495346069,0.23744674026966095,0.5572942495346069,0.20525901019573212
used to be good,negative,negative,0.7813798189163208,0.7813798189163208,0.18539562821388245,0.03322449326515198
"this app helps me be productive, but since the update, i can't plant the trees i had previously bought.",positive,positive,0.5228354930877686,0.013655245304107666,0.4635092616081238,0.5228354930877686
dell streak:force close sometimes. blank pages sometimes. need bookmark feature and ability to continue from last read page.,neutral,neutral,0.7614795565605164,0.15504609048366547,0.7614795565605164,0.08347433060407639
"if your in a hurry, i'd recomed calling, it takes a wile to fill out the information.",neutral,neutral,0.6881633400917053,0.10262326151132584,0.6881633400917053,0.20921336114406586
good but not good as web version,positive,neutral,0.6011692881584167,0.24860389530658722,0.6011692881584167,0.15022680163383484
problems working over wi-fi,negative,neutral,0.588726282119751,0.32836687564849854,0.588726282119751,0.08290692418813705
it's ads all the way,negative,negative,0.734250009059906,0.734250009059906,0.22536493837833405,0.04038500413298607
no password support <url>,negative,neutral,0.5959126353263855,0.3103554844856262,0.5959126353263855,0.0937318429350853
"good, but not perfect",neutral,neutral,0.7820736765861511,0.04858258739113808,0.7820736765861511,0.1693437248468399
i wish it would work offline,positive,positive,0.5210691690444946,0.01357747707515955,0.465353399515152,0.5210691690444946
cloud based apps do not work for me. with pathetic network services in our region it becomes frustrating to use. pity. will have to uninstall,negative,negative,0.9601253867149353,0.9601253867149353,0.032641127705574036,0.0072335065342485905
"so disappointed with this app! why would you delete an entire account without any warnings? see i'm not mad that you deleted my account because i had iran's ip address, i'm mad because you didn't even bothered to give me a chance to take back up of my files! do you understand how unprofessional this is? so disappointed!",negative,negative,0.9581626057624817,0.9581626057624817,0.03533994406461716,0.006497475318610668
this app is good,positive,neutral,0.504348874092102,0.011682771146297455,0.504348874092102,0.4839684069156647
"slow, laggy performance. thinkfree office opens my pdfs and allows smooth transitions and zooming.",negative,neutral,0.8577925562858582,0.0599665492773056,0.8577925562858582,0.08224090933799744
since the update the radar doesn't work <url>,negative,negative,0.845548152923584,0.845548152923584,0.133449986577034,0.021001800894737244
"like the app, but could you please remove the external storage permission when i want to take a picture? i don't like granting apps dangerous permissions and i know you don't need it if you use the file provider api. <signature>",negative,neutral,0.6603933572769165,0.029347479343414307,0.6603933572769165,0.3102591633796692
there is no print option i can find.,neutral,neutral,0.707760751247406,0.2081136703491211,0.707760751247406,0.08412561565637589
<url> the picture size on bbm group is too small sometime not clear. also incoming bbm call is not detected or not showed in galaxy gear s <number>,positive,neutral,0.6034557223320007,0.29153671860694885,0.6034557223320007,0.10500750690698624
got stuck on trying to confirm my booking and i lost the accommodation. after that force crash. uninstall. htc desire,negative,negative,0.9646883606910706,0.9646883606910706,0.027735166251659393,0.007576425094157457
please fix the radar,negative,negative,0.7343480587005615,0.7343480587005615,0.2269964963197708,0.03865548595786095
"good adjustment, bad storage",neutral,neutral,0.7859311699867249,0.027836304157972336,0.7859311699867249,0.18623247742652893
coming from adobe this is absolute garbage. fails to open pdf files. it was only <number> kb. garbage.,negative,negative,0.9690129160881042,0.9690129160881042,0.023504743352532387,0.007482403889298439
after i updated the new bbm version always getting <url> sometime the messages pending without ceklis my friend send in the morning but the messages coming after <number> or <number> hour <url> i saw on the messages the time when he send me a messages and this made my planning <url> should i didn't upgraded <url>,negative,neutral,0.5558738708496094,0.2738077640533447,0.5558738708496094,0.17031830549240112
new update ruined the app,negative,negative,0.9662020802497864,0.9662020802497864,0.02515978366136551,0.008638141676783562
a widget would be nice,positive,neutral,0.5424514412879944,0.013543861918151379,0.5424514412879944,0.44400471448898315
there are ads now?,neutral,negative,0.48350790143013,0.48350790143013,0.43910786509513855,0.07738430052995682
difficult when on vacation,positive,neutral,0.8229615688323975,0.055925287306308746,0.8229615688323975,0.12111318111419678
notifications are bonkers. (will give <number> once fixed),negative,neutral,0.5790393352508545,0.34747564792633057,0.5790393352508545,0.07348504662513733
can't add new locations,neutral,neutral,0.6879999041557312,0.20506858825683594,0.6879999041557312,0.10693149268627167
nice tool for inter-team communication,positive,positive,0.9349580407142639,0.007253867574036121,0.05778805539011955,0.9349580407142639
it's download video very fast and all other thing,positive,positive,0.8901515007019043,0.018362177535891533,0.09148629754781723,0.8901515007019043
"veru useful app only when used with its <number> rd-party integrations, yet flock is much better alternative for having more free features.",positive,neutral,0.6944743394851685,0.04069460928440094,0.6944743394851685,0.2648310661315918
doesn't <url> i'll go on other apps and the tree still <url> little i inventive to actually stay off the phone,negative,neutral,0.5582501888275146,0.407774418592453,0.5582501888275146,0.03397538512945175
"when ever i update app,it won't work and i lost my all data many times",negative,negative,0.9293602108955383,0.9293602108955383,0.06183275580406189,0.00880697276443243
doesn't work much! where's the <number> version???,negative,negative,0.8854139447212219,0.8854139447212219,0.10480261594057083,0.009783483110368252
nice app fast downloading,positive,positive,0.9118388295173645,0.006851866841316223,0.08130928128957748,0.9118388295173645
"the app is great, it's fun and helpful, tho when you click the home button, it doesn't die. you could fix that",positive,positive,0.8377969861030579,0.012000028043985367,0.15020298957824707,0.8377969861030579
"easy to use, always <url> when you book thrue them, they will charge you too much.",neutral,positive,0.8752191662788391,0.008933933451771736,0.11584693938493729,0.8752191662788391
there is no jump to page option so you have to flip through every single page! its a big waste of time.,negative,negative,0.9655624628067017,0.9655624628067017,0.026939600706100464,0.007497820537537336
great and easy to use,positive,positive,0.9432641863822937,0.011512462981045246,0.04522331804037094,0.9432641863822937
"cloud subscription, no <signature>",negative,negative,0.911754846572876,0.911754846572876,0.06931851804256439,0.018926609307527542
great app to focus!,positive,positive,0.93675696849823,0.01371284294873476,0.04953022673726082,0.93675696849823
pay when you arrive. err no,neutral,negative,0.6170877814292908,0.6170877814292908,0.3386506736278534,0.04426151514053345
great apps for great team,positive,positive,0.9353676438331604,0.017015652731060982,0.04761672392487526,0.9353676438331604
i like the appl because it connect me to a lot of people in my office,positive,positive,0.916446328163147,0.009444685652852058,0.07410895079374313,0.916446328163147
can't open my bbm after updated,negative,negative,0.9348229765892029,0.9348229765892029,0.05701103433966637,0.008165950886905193
cannot use for flash <url>,neutral,negative,0.6867082118988037,0.6867082118988037,0.2885151207447052,0.024776658043265343
won't work with my text messages and have to start a new conversation to use it in messenger,neutral,negative,0.9291372895240784,0.9291372895240784,0.06356623768806458,0.007296523079276085
it crashes every time,positive,negative,0.8741924166679382,0.8741924166679382,0.10695964843034744,0.01884794794023037
great app for group family communication across multiple types of devices and countries,positive,positive,0.9455133676528931,0.012202947400510311,0.04228360950946808,0.9455133676528931
it was great radar sucks now,negative,negative,0.9655638337135315,0.9655638337135315,0.027197295799851418,0.007238886784762144
missing a tablet version,neutral,neutral,0.6525992155075073,0.17451395094394684,0.6525992155075073,0.172886922955513
the browser is used very fast connecting browser,positive,positive,0.6640649437904358,0.04800928384065628,0.28792572021484375,0.6640649437904358
i want a etc wallet that's all i want to invest <url>,negative,neutral,0.4641351103782654,0.22529137134552002,0.4641351103782654,0.3105735182762146
not so much but good,positive,neutral,0.7319321632385254,0.021982844918966293,0.7319321632385254,0.2460850179195404
well the app is kinda <url>,positive,neutral,0.6310538053512573,0.03644699975848198,0.6310538053512573,0.3324991464614868
the program is very slow and can be unresponsive. there is no bookmake setting. pages take a very long time to load even when zooming in and out.,negative,neutral,0.8059998750686646,0.13977520167827606,0.8059998750686646,0.05422495678067207
totally invasive and inappropriate for development. it kept people talking for every detail for hours. kill innovation and efficiency. cannot replace skype so another chat cheater. a waist of time in communication. one good point if you can make your competitors to use it. they will collapse.,negative,negative,0.9614198207855225,0.9614198207855225,0.030895445495843887,0.007684715092182159
i love it. but i think it would be better to add angle correction as well is needed sometimes and i don't like having to use other apps to do this.,neutral,positive,0.8545318841934204,0.012021749280393124,0.1334463655948639,0.8545318841934204
the emoticon not <url> :'(,neutral,neutral,0.601344883441925,0.24237824976444244,0.601344883441925,0.1562769114971161
good app. had full version but they took it away. would like it back. radar not working. layers are not working. must be a weather bug.,neutral,neutral,0.6847107410430908,0.18058480322360992,0.6847107410430908,0.13470447063446045
can't import my booking? what's the point of getting this app? anyone?,negative,negative,0.893837034702301,0.893837034702301,0.09326283633708954,0.012900112196803093
"the app sometimes gets stuck on a certain temperature and you have to actually click on the app to get the correct temperature to pop up, but at least with this app i can actually get the <number> -day and hourly forecast pages to load which is something i can't get with accuweather. so i guess what i'm saying is it's probably the <signature>",positive,neutral,0.712753415107727,0.05471452325582504,0.712753415107727,0.23253200948238373
"great, but occasionally crashes",positive,positive,0.5843315124511719,0.02872946858406067,0.38693898916244507,0.5843315124511719
"crap, takes ages to loads and lags on all docs, standard pdf viewer much better",negative,negative,0.9635900259017944,0.9635900259017944,0.029743777588009834,0.006666220724582672
it stops working frequently,neutral,neutral,0.5277711153030396,0.41319599747657776,0.5277711153030396,0.05903291702270508
like it more than most weather apps i've tried. would recommend!,positive,positive,0.8955273628234863,0.008633154444396496,0.09583951532840729,0.8955273628234863
stupid trees. too much green. too cute. memory hog. deleted it.,negative,negative,0.9651305675506592,0.9651305675506592,0.028193332254886627,0.006676140241324902
plz add readout loud feature in application,positive,positive,0.6326789855957031,0.04825473949313164,0.31906625628471375,0.6326789855957031
"give error, stuck onopening",negative,negative,0.6096727848052979,0.6096727848052979,0.34502679109573364,0.04530039802193642
the radar map only shows past not current,neutral,negative,0.6342406272888184,0.6342406272888184,0.31341180205345154,0.052347589284181595
"the worst, the most bugged app that i've ever seen in my life! always crashing for no reason!",negative,negative,0.9704897999763489,0.9704897999763489,0.021299464628100395,0.008210773579776287
this does not work with my phone i exited the app for ages and my tree still grew.,negative,negative,0.961336076259613,0.961336076259613,0.031096676364541054,0.007567312102764845
the application is too slow. sometimes it just wont select the options.,neutral,neutral,0.7800533771514893,0.15355218946933746,0.7800533771514893,0.06639447808265686
useless doesn't open email attachments on lg optimus,negative,negative,0.9641908407211304,0.9641908407211304,0.02916765958070755,0.006641454994678497
its a very good app,positive,positive,0.8802065849304199,0.007493762299418449,0.11229964345693588,0.8802065849304199
good up to date service,neutral,positive,0.6355373859405518,0.011772599071264267,0.3526899516582489,0.6355373859405518
luv it but u should allow us <number> make more than one character then i'll give u <number>  's,neutral,neutral,0.754646360874176,0.032776184380054474,0.754646360874176,0.2125774472951889
"app does what it has to do, but would it be possible to implement a harder way to cancel the growth of your tree? now it takes about <number> seconds. you could make another cancel button which you have to press for <number> minute without releasing it to unlock your phone. gives you time to think if you really need to unlock it. <signature>",neutral,neutral,0.6379983425140381,0.04677824303507805,0.6379983425140381,0.31522345542907715
need full raw hdr for lg v <number> !!!,neutral,neutral,0.7294702529907227,0.11944476515054703,0.7294702529907227,0.1510850042104721
it wont even let me log in!!!,negative,negative,0.9694045186042786,0.9694045186042786,0.02317587472498417,0.00741968210786581
wouldn't search any locations.,negative,negative,0.9270628690719604,0.9270628690719604,0.06365503370761871,0.00928216427564621
new version is not intuitive.,negative,neutral,0.5369322896003723,0.35637935996055603,0.5369322896003723,0.10668837279081345
image previews don't work,positive,negative,0.8785536885261536,0.8785536885261536,0.10845469683408737,0.012991667725145817
"its great, just too many ads",positive,positive,0.8933337926864624,0.020765263587236404,0.08590096980333328,0.8933337926864624
radar has stopped working,negative,negative,0.9362419247627258,0.9362419247627258,0.0508856363594532,0.012872368097305298
has been treating me well for years,positive,positive,0.5956982374191284,0.045457206666469574,0.358844518661499,0.5956982374191284
animated radar not working,negative,negative,0.8997159600257874,0.8997159600257874,0.07985514402389526,0.020428922027349472
problems with internet connection s <number> edge,neutral,neutral,0.5830650925636292,0.32352492213249207,0.5830650925636292,0.09341001510620117
"another login and account needed, mediocre editing",negative,neutral,0.7688962817192078,0.12610937654972076,0.7688962817192078,0.1049942672252655
i need a tab for news language i don't want it to be default for the place i live in my native language may be different. please look into it,positive,neutral,0.5829451084136963,0.0445590540766716,0.5829451084136963,0.3724958002567291
"idea is nice, <url>",neutral,neutral,0.6972451210021973,0.021819166839122772,0.6972451210021973,0.280935674905777
useless and hang in itself,negative,negative,0.9668456315994263,0.9668456315994263,0.023758508265018463,0.009395879693329334
lagging on nvidia shield tablet,neutral,neutral,0.6261340379714966,0.29015499353408813,0.6261340379714966,0.08371099084615707
less taps &gt; more taps is not always true! this update clutters up the mobile app and looks horrible! bring back the drop down menu.,positive,negative,0.9071685075759888,0.9071685075759888,0.08013519644737244,0.012696255929768085
great mobile app for a great platform,positive,positive,0.9195422530174255,0.021597305312752724,0.05886038765311241,0.9195422530174255
easiest way to keep all my accommodation details with me when i travel.,positive,positive,0.8960116505622864,0.007192037999629974,0.09679634869098663,0.8960116505622864
"there is no way to search or jump to the pages i want. so, in a <number> page document, i have to page down until i get to where i want. very poor!",neutral,negative,0.9692866802215576,0.9692866802215576,0.02385498210787773,0.006858348846435547
crashes on z <number> compact,neutral,negative,0.72074955701828,0.72074955701828,0.23299703001976013,0.04625339061021805
"can't delete any of the pdf files! someone ,help mytouch <number> g",neutral,neutral,0.6656689047813416,0.21616192162036896,0.6656689047813416,0.11816916614770889
somethings wrong with this app,positive,negative,0.848065197467804,0.848065197467804,0.131078839302063,0.020855944603681564
well organized app. offers better deals than the hotel itself.,positive,positive,0.9278063178062439,0.010202876292169094,0.06199079751968384,0.9278063178062439
faster than other app,positive,positive,0.7955088019371033,0.0227232463657856,0.18176795542240143,0.7955088019371033
"decent, but needs ability to define custom notification sound. the built-in ones are too quiet and the 'device default' is too general.",positive,neutral,0.5923963189125061,0.012179439887404442,0.5923963189125061,0.39542415738105774
"if you have difficulties staying focussed, then this is definitely the app for you. as trivial as it sounds, there's a real sense of satisfaction in seeing your forest grow the more time you log. the only thing i would say which could be added is social email support or facebook integration, which i believe is already a feature on the ios version. some of my friends are using it too, and seeing their forests grow (perhaps even on some kind of map next to mine?) would add an element of healthy competition!",positive,positive,0.8341912627220154,0.011472919024527073,0.1543358564376831,0.8341912627220154
would be better with out ads,positive,neutral,0.7135128974914551,0.04964636266231537,0.7135128974914551,0.23684072494506836
<number> star 'coz why we have to request hd quality picture first? oh <url> nobody need bad quality picture. washing <url> another chat app more better !!,neutral,negative,0.4944344758987427,0.4944344758987427,0.44645747542381287,0.05910804867744446
"my screen goes off, but when i unlock my phone, my tree dies. makes the app pointless as it forces me to keep the screen on which is distracting. great concept though.",neutral,neutral,0.6748560070991516,0.17469549179077148,0.6748560070991516,0.1504485309123993
it will be better if the apps allow users to listen music while studying or doing their things,positive,positive,0.5247009992599487,0.013619855046272278,0.4616791903972626,0.5247009992599487
the app is free on android but why can't i use my new unlocked tree?!,negative,neutral,0.6573010683059692,0.22992730140686035,0.6573010683059692,0.11277161538600922
"not ideal, but better than a few other ""freeware"" options there with lots of adds or crappy ui.",positive,neutral,0.7912246584892273,0.0843091607093811,0.7912246584892273,0.12446620315313339
add break or pause option plz,positive,positive,0.48100295662879944,0.05493244528770447,0.4640645682811737,0.48100295662879944
good effort <url> try to send correct notification of the news or story.,positive,positive,0.7150785326957703,0.009123900905251503,0.2757974863052368,0.7150785326957703
doesn't work keeps saying bad internet connection but all other apps work.,negative,negative,0.8031406998634338,0.8031406998634338,0.18190805613994598,0.014951249584555626
did not install this app. all i did was update my phone and it was there and i can delete it! very annoying!!!,negative,negative,0.9485943913459778,0.9485943913459778,0.045390572398900986,0.006015010178089142
last updates causing problems.,neutral,neutral,0.5360082387924194,0.39953961968421936,0.5360082387924194,0.06445209681987762
"stupid app many many ads ,don't download this app",negative,negative,0.9697431325912476,0.9697431325912476,0.02333305962383747,0.006923798471689224
too much buz for nothing so special.,negative,neutral,0.5871255397796631,0.3439020812511444,0.5871255397796631,0.0689724013209343
simple but effective app to end smartphone addiction,positive,positive,0.8815454840660095,0.0076175108551979065,0.11083698272705078,0.8815454840660095
technology at its <signature>,positive,positive,0.8303244113922119,0.037706341594457626,0.13196928799152374,0.8303244113922119
"editing is all about precision, of which this isn't good at. trying to crop is like throwing stones at a picture frame on a wall and hoping it sticks. when you get it you accidently press another button and all the work is <url> still needs some refining",neutral,neutral,0.7631629705429077,0.039403147995471954,0.7631629705429077,0.19743390381336212
used to love <url>,neutral,negative,0.7709865570068359,0.7709865570068359,0.20179790258407593,0.027215521782636642
bbm is really gud,positive,neutral,0.6262280344963074,0.12653256952762604,0.6262280344963074,0.24723941087722778
still a good app,neutral,positive,0.6400158405303955,0.012107260525226593,0.3478769361972809,0.6400158405303955
"looks nice but the live radar always zooms in to close, i like to see the entire area around my location.",positive,positive,0.6862310767173767,0.009587452746927738,0.30418142676353455,0.6862310767173767
creeping permissions. no <signature>,negative,negative,0.8945791125297546,0.8945791125297546,0.08505652844905853,0.020364349707961082
don't expect to be productive on the tube,negative,negative,0.689009964466095,0.689009964466095,0.2880862057209015,0.02290387824177742
huge apo. does not have move to sd card. standard reader v. good. uninstalling.,negative,negative,0.964111864566803,0.964111864566803,0.027322791516780853,0.008565310388803482
too many push and price not clear,neutral,negative,0.6614190340042114,0.6614190340042114,0.2924887239933014,0.04609213024377823
great app but updated the app but the bug is still there where the animation plays without accessing the app so you have to tap screen to gain access to home screen. that bug has been there forever please fix!,neutral,neutral,0.5460832715034485,0.05172351375222206,0.5460832715034485,0.40219321846961975
like it but need better notification settings,positive,neutral,0.4995107650756836,0.013007665053009987,0.4995107650756836,0.4874815046787262
being a motorcycling enthusiast i like to know where the rain is and what direction it's heading.,positive,positive,0.8917406797409058,0.013069785200059414,0.09518960118293762,0.8917406797409058
radar no longer works,negative,negative,0.9600326418876648,0.9600326418876648,0.030240057036280632,0.009727267548441887
why i cannot play my download video?,neutral,neutral,0.601070761680603,0.2617233693599701,0.601070761680603,0.1372058242559433
as an alternative in contacting people,positive,positive,0.7741844058036804,0.017142262309789658,0.20867332816123962,0.7741844058036804
crashes all the time tells you there is no memory even on sd card. won't let you use if you decline push notifications,negative,negative,0.8347276449203491,0.8347276449203491,0.15387599170207977,0.01139634009450674
what's the point?,negative,negative,0.9142764210700989,0.9142764210700989,0.06766444444656372,0.018059130758047104
"i used to really love this browser but now it's just annoying .when i download files sometimes it tells me ""file doesn't exist"" and i have to redownload ,plus it lags .",negative,neutral,0.6288574934005737,0.2980153560638428,0.6288574934005737,0.07312709838151932
its good but i think it should add like fortnite emojis or other characters,positive,positive,0.5391504764556885,0.010227029211819172,0.45062246918678284,0.5391504764556885
its good but now a days it slow,neutral,neutral,0.6740521192550659,0.013631798326969147,0.6740521192550659,0.3123161792755127
"the emojis you can make out of it are great! however, it would be nice to implement the character doing different kinds of sports. also the app didn't have my face shape, hairstyle, and the mouth was too big for me. basically i had to go with what i could find that looked the most like me, and a bunch of people still thought that the bitmoji looked nothing like me. something else i'd like to add is that maybe for the female character, put some outfits that are t-shirts and moderate shorts, not just short shorts. i couldn't find my usual attire because of that. overall, my bitmoji only looks a bit like me so if you guys can change the face, costumes, and facial features to let more people have an accurate character, it'd be great. <signature>",positive,positive,0.7705689668655396,0.014119205996394157,0.21531184017658234,0.7705689668655396
throw this app to garbage,negative,negative,0.9651552438735962,0.9651552438735962,0.02820047363638878,0.006644316017627716
very nice and helpful <url> luving <url>,positive,positive,0.9156891107559204,0.007761934772133827,0.07654888182878494,0.9156891107559204
it will be better if there will be option to archive a chat,positive,neutral,0.5726509690284729,0.021203113719820976,0.5726509690284729,0.4061458706855774
requesting to build a bigger forest!,positive,negative,0.7054460048675537,0.7054460048675537,0.22662897408008575,0.06792502105236053
stop the stupid ads,negative,negative,0.9581745266914368,0.9581745266914368,0.03291788697242737,0.008907622657716274
spark lightening no longer working,neutral,negative,0.9276372790336609,0.9276372790336609,0.056637875735759735,0.015724919736385345
"slowly slowly you are making it worst app but it's your app you can do anything after all you are communist. see i don't like your inbuilt pdf viewer,video viewer app so allow user to use apps like adobe pdf reader and mx <url> and the new problem is the facebook video is not working <url> earlier i have given <number> star rating but now you are decreasing quality <url>",negative,neutral,0.4658937454223633,0.4612431824207306,0.4658937454223633,0.0728631317615509
doesn't export my photos most of the time,neutral,neutral,0.5069020986557007,0.46219751238822937,0.5069020986557007,0.030900422483682632
still need to improve,positive,neutral,0.5915113687515259,0.05337248370051384,0.5915113687515259,0.35511618852615356
no philippine peso currency?,neutral,negative,0.6222236752510071,0.6222236752510071,0.3140687048435211,0.06370755285024643
"i downloaded this app specifically to merge photos together on my backpacking adventures whilst eliminating the need for a laptop. sadly, it does not have the function to merge photos for panoramic or hdr.",neutral,neutral,0.6229871511459351,0.207909494638443,0.6229871511459351,0.16910336911678314
"pretty effective but i just noticed it doesn't pick up the usage of one of my most distracting apps (bacon reader for reddit). i was on it and thought oh no my tree! opened up to find it wasn't triggered. double checked my white list etc, everything was proper. if it doesn't block that it becomes pretty useless in my eyes",positive,neutral,0.49138060212135315,0.021566899493336678,0.49138060212135315,0.4870525300502777
"awesome app. it would be sooo useful to have one button access to the lastest posts accross all channels and all workgroups, i find im spending much time digging around for the latest posts.",positive,positive,0.9313009977340698,0.009990275837481022,0.05870876461267471,0.9313009977340698
its good and so easy to use,positive,positive,0.8675630688667297,0.007485631853342056,0.1249513179063797,0.8675630688667297
this isn't as good as it's siblings,negative,neutral,0.6989837884902954,0.2423466145992279,0.6989837884902954,0.058669522404670715
app is good service,neutral,neutral,0.49856266379356384,0.01411276776343584,0.49856266379356384,0.4873245060443878
app thinks i am a man :'),negative,neutral,0.5778530836105347,0.21788471937179565,0.5778530836105347,0.20426225662231445
will not work correctly. i tryed to set the map in motion and it will not move!,negative,negative,0.9597193002700806,0.9597193002700806,0.031266406178474426,0.00901426188647747
super cute but kind of difficult to use on the spot.,positive,neutral,0.7093251347541809,0.029313676059246063,0.7093251347541809,0.2613612115383148
"nice, but couldn't find night mode.",positive,neutral,0.7678437829017639,0.023794665932655334,0.7678437829017639,0.20836156606674194
"insanely unreliable - wont let me accept invites to other workspaces nor will this application even show me the invite - login inconsistency, i can auto-login with the app but when i type my password in non-app login screens it wont work. its the same password i use for other applications and i successfully login each time.",negative,negative,0.932328999042511,0.932328999042511,0.059936199337244034,0.007734802085906267
cant search without creating an account! they need your email so the can sell it to spammers! unistall!,negative,negative,0.9665306210517883,0.9665306210517883,0.02667854353785515,0.006790784187614918
only good not <signature>,neutral,neutral,0.5504714250564575,0.10878149420022964,0.5504714250564575,0.34074708819389343
it is a waste app and waste of time. it is only useful for downloading the movies,positive,negative,0.9613395929336548,0.9613395929336548,0.029914675280451775,0.008745799772441387
it's fast and i can always use it to download,positive,positive,0.9108592867851257,0.010202589444816113,0.07893811911344528,0.9108592867851257
have to use and see,neutral,positive,0.4914126694202423,0.10535651445388794,0.40323078632354736,0.4914126694202423
good but some issues,positive,neutral,0.5859931707382202,0.011651837266981602,0.5859931707382202,0.40235498547554016
plz see sex movies it's nice in this,neutral,positive,0.6512326002120972,0.015398258343338966,0.3333691656589508,0.6512326002120972
wont open. it always crashes and my phone reports it having multiple errors in <number> week,negative,negative,0.9562218189239502,0.9562218189239502,0.037587184458971024,0.0061909593641757965
fcs on a <number> page pdf. really?! even on my stock evo that's awesome? this reminds me of flash player on my laptop- always causing problems. adobe = crap,negative,negative,0.7569870948791504,0.7569870948791504,0.21383091807365417,0.02918194606900215
"the worst app ever can't download a single <url> my downloads have been ""unsuccessful""",negative,negative,0.9677914381027222,0.9677914381027222,0.024399619549512863,0.007808899041265249
needs text search and in-document link support.,neutral,neutral,0.6871236562728882,0.030172938480973244,0.6871236562728882,0.2827034294605255
it's a great app. love it and good job,neutral,positive,0.9306087493896484,0.014052938669919968,0.05533827841281891,0.9306087493896484
"sometimes wonky when on wifi, but that could be internet connection issue. also wants to have high accuracy location on which will drain your phone quickly.",neutral,neutral,0.7983717918395996,0.07230590283870697,0.7983717918395996,0.12932229042053223
why am i now seeing ads? lame!,negative,negative,0.9370356202125549,0.9370356202125549,0.05399497225880623,0.008969481103122234
you had one job,positive,negative,0.8210831880569458,0.8210831880569458,0.14404472708702087,0.03487203270196915
"it would be nice if there was an option to record voice messages.    nuisance: when i press 'backwards' in my android, i am thrown out of the app, instead of going backwards to the messages list.    nuisance: i don't see a list of last messaged people in chronological order but randomly. this drives me <url>",neutral,neutral,0.6556583046913147,0.015514909289777279,0.6556583046913147,0.32882681488990784
not replacement for the desktop app,neutral,neutral,0.4731878936290741,0.3586314916610718,0.4731878936290741,0.16818059980869293
great app to communicate with family and friends.,positive,positive,0.944441020488739,0.011757126078009605,0.0438019335269928,0.944441020488739
best chat application ever,neutral,positive,0.9161772727966309,0.018917758017778397,0.06490494310855865,0.9161772727966309
good app bt needs new features,neutral,neutral,0.5302661657333374,0.016205383464694023,0.5302661657333374,0.45352843403816223
it requires access permission n i dont know from where to turn on so can u plz tell m!!,neutral,negative,0.9183700680732727,0.9183700680732727,0.06861262023448944,0.013017334043979645
uffff!!!! plzz don't downloaded this,negative,negative,0.9378616809844971,0.9378616809844971,0.05224745720624924,0.009890914894640446
good <url> lacks some essential features,positive,neutral,0.6957511305809021,0.013371369801461697,0.6957511305809021,0.2908775508403778
"the app is ok but the camera should no have any sound when you take photos, that problem is quite annoying",neutral,neutral,0.8530029058456421,0.03731280937790871,0.8530029058456421,0.10968423634767532
installation corrupts gmail db on n <number> android <number> . <number>,negative,negative,0.9330215454101562,0.9330215454101562,0.05682851001620293,0.010149940848350525
i think it's a great start app!,positive,positive,0.8845381736755371,0.010056382045149803,0.10540539026260376,0.8845381736755371
radar has been freezing and not moving for last month. deleted it after all this time. pos!!!,negative,negative,0.9632229804992676,0.9632229804992676,0.03003634139895439,0.006740720476955175
ok till it goes wrong,neutral,neutral,0.7768617272377014,0.04569388926029205,0.7768617272377014,0.17744438350200653
i rely on weatherbug every day.,positive,positive,0.8773950338363647,0.012773876078426838,0.1098310723900795,0.8773950338363647
"love this app, especially the lightening strike tracker.",positive,positive,0.9012694954872131,0.022702379152178764,0.07602819055318832,0.9012694954872131
there's still more to it.,positive,neutral,0.6468387842178345,0.11683833599090576,0.6468387842178345,0.23632289469242096
very basic and subscription based,negative,negative,0.5482370257377625,0.5482370257377625,0.3926330506801605,0.059129923582077026
no words great app,positive,negative,0.909310519695282,0.909310519695282,0.07380325347185135,0.016886159777641296
"im not use as well, i think it is bad application, i dont like.",negative,negative,0.774602472782135,0.774602472782135,0.19928225874900818,0.026115257292985916
keeps saying photos not found whwn trying to send/ attach to people. using a note <number> <url> its not <url> it <url> pwrfect for what application i needed it for. will try again when i get new phone in a couple weeks.,negative,negative,0.6507030129432678,0.6507030129432678,0.3184606432914734,0.03083634376525879
helpful for book reading,positive,positive,0.9117662906646729,0.007087331730872393,0.08114638924598694,0.9117662906646729
sometimes slow but yet efficient.,positive,neutral,0.536512553691864,0.013052520342171192,0.536512553691864,0.4504348933696747
for some reason the keyboard doesn't work on my phone. and i can't do couple's bitmojis with my wife. but it's fun to use with her anyhow,positive,positive,0.6980462670326233,0.011675440706312656,0.2902783155441284,0.6980462670326233
make anoying bc different ring with chat ring,neutral,positive,0.5580946803092957,0.05143803358078003,0.3904672861099243,0.5580946803092957
"please make the browser application sync-able with android phones. i was able to sync a few days ago, but now it only syncs with an ios account.",positive,neutral,0.7652300000190735,0.1374896913766861,0.7652300000190735,0.09728036820888519
great app. would have been a <number> if avatar could be edited,neutral,positive,0.8985855579376221,0.02283283695578575,0.07858160883188248,0.8985855579376221
poor cousin to the desktop app,neutral,negative,0.9367819428443909,0.9367819428443909,0.05320242792367935,0.010015624575316906
i get notification for update but i can't update my bbm. please fix it.,neutral,neutral,0.7781997919082642,0.10874161869287491,0.7781997919082642,0.11305849254131317
it wont let me download its saying it is but not getting it,negative,negative,0.9154977798461914,0.9154977798461914,0.07250121235847473,0.012000988237559795
force closed zenfone <number>,negative,negative,0.8900409936904907,0.8900409936904907,0.08439638465642929,0.0255625918507576
cloud service only idea bites,negative,neutral,0.46443313360214233,0.383780837059021,0.46443313360214233,0.15178599953651428
i can't sign <url> :'(,neutral,negative,0.5828569531440735,0.5828569531440735,0.357209712266922,0.059933412820100784
horrible for one reason,negative,negative,0.9582749009132385,0.9582749009132385,0.03250234201550484,0.009222830645740032
<salutation> opening unwanted liks,negative,negative,0.8361926078796387,0.8361926078796387,0.13376042246818542,0.030047066509723663
won't let me end chat,negative,negative,0.8389816284179688,0.8389816284179688,0.1443897932767868,0.01662858948111534
"nice, but flow could be better.",positive,positive,0.5782786011695862,0.008671266958117485,0.4130501449108124,0.5782786011695862
it just froze up a few days <url> doesn't work at all when i click on it,negative,negative,0.9108603000640869,0.9108603000640869,0.07952622324228287,0.009613512083888054
the news which displays on the welcome page is very annoying and vulgar have to be very careful when giving it to the children's at home to surf the internet and we had to use other browser in front of others as your front page containt all the vulgarity in news most of the people don't know how to disable news. the option should be visible on the front screen itself,negative,neutral,0.725644588470459,0.1611585170030594,0.725644588470459,0.11319688707590103
seems impossible to make a review,neutral,negative,0.5050128698348999,0.5050128698348999,0.45728132128715515,0.037705834954977036
reflow doesn't let you move from what's on the screen. no option to go to specific pages directly (really? scroll through a <number> + page book everytime?),neutral,neutral,0.6283168196678162,0.3142232596874237,0.6283168196678162,0.05745992064476013
low score due to the lack of a dark theme/night mode in <number> !,neutral,neutral,0.5986523628234863,0.3385342061519623,0.5986523628234863,0.06281337887048721
"no floating head, why",negative,neutral,0.5213962197303772,0.40389472246170044,0.5213962197303772,0.07470908015966415
bad on sms blocking,neutral,negative,0.9369392395019531,0.9369392395019531,0.05426519736647606,0.008795645087957382
hated the new update,negative,negative,0.9596009850502014,0.9596009850502014,0.03401549533009529,0.006383535452187061
i find it a bit odd that the app doesn't automatically open a file. i have to go to the app and open the file from there.,positive,neutral,0.812732994556427,0.036267828196287155,0.812732994556427,0.15099918842315674
the weather people are always wrong they suck,negative,negative,0.5359150767326355,0.5359150767326355,0.4230574369430542,0.0410274975001812
"no ""go to page"" feature? really?",neutral,negative,0.7597124576568604,0.7597124576568604,0.21272122859954834,0.02756633423268795
caused ipad safari to stop working,negative,negative,0.9392685890197754,0.9392685890197754,0.047640230506658554,0.013091129250824451
it's a good app to communicate with team instantly,positive,positive,0.8868590593338013,0.0065363203175365925,0.10660460591316223,0.8868590593338013
garbage. worthless app. i hope someone comes up with one better and more organized for people use. makes no sense. cant navigate. not worth the headache.,negative,negative,0.9683948159217834,0.9683948159217834,0.023378951475024223,0.00822630524635315
good but seems to be a battery drainer on lollipop,neutral,neutral,0.6533876657485962,0.013450904749333858,0.6533876657485962,0.33316144347190857
like the funny <url>,positive,positive,0.6533662676811218,0.014647294767200947,0.3319864273071289,0.6533662676811218
"useless app, doesn't work as described",negative,negative,0.9693149924278259,0.9693149924278259,0.023090161383152008,0.0075948284938931465
pdf viewer works much smoother and loads faster,negative,positive,0.5736111998558044,0.03468703851103783,0.3917018175125122,0.5736111998558044
awesome app with awful ux,neutral,negative,0.7303452491760254,0.7303452491760254,0.19520951807498932,0.07444527745246887
<salutation> why most of the time. when i finish downloading video and going to play it. it says failed to open its not like this before using old version.,negative,negative,0.6536727547645569,0.6536727547645569,0.3011747896671295,0.045152448117733
couldn't get edited photos out of lightroom!,negative,negative,0.698264479637146,0.698264479637146,0.27864211797714233,0.02309338189661503
the update sucks!!! i lost all the trees i previously unlocked.,negative,negative,0.9701433181762695,0.9701433181762695,0.0235851239413023,0.006271551363170147
the cancellations are confusing and the will double charge,neutral,neutral,0.7993782162666321,0.11727406084537506,0.7993782162666321,0.08334771543741226
"great, but eset is going off",positive,positive,0.7218696475028992,0.015453709289431572,0.2626766264438629,0.7218696475028992
it is too slow app.,negative,neutral,0.5524806976318359,0.39736485481262207,0.5524806976318359,0.05015445500612259
good & need more development options,neutral,positive,0.5094729661941528,0.011058754287660122,0.4794682562351227,0.5094729661941528
browsing fast but before download its doing re direct and suggest an other app.,positive,neutral,0.7121922969818115,0.0501885861158371,0.7121922969818115,0.23761910200119019
please fix as soon as <url> cannot send message n dont have received feeds,negative,neutral,0.5554152727127075,0.37286806106567383,0.5554152727127075,0.07171669602394104
too many ads dude,negative,negative,0.5972517728805542,0.5972517728805542,0.3523493707180023,0.05039888247847557
through this app i get amazing deals,positive,positive,0.914939284324646,0.022650623694062233,0.06241011992096901,0.914939284324646
very helpful & useful for media <url>,positive,positive,0.9300748109817505,0.009359268471598625,0.06056594103574753,0.9300748109817505
very helpful the apps,positive,positive,0.9205610752105713,0.008801755495369434,0.07063721120357513,0.9205610752105713
update screwed the app over,negative,negative,0.9658347368240356,0.9658347368240356,0.027158157899975777,0.007007063832134008
i love the variety of fashion styles this app offers. really digging on the poses & emotion statements. emoji id me. a ok,positive,positive,0.9155530333518982,0.013239286839962006,0.07120772451162338,0.9155530333518982
except advertising everything is fine,positive,neutral,0.7823110818862915,0.04094662517309189,0.7823110818862915,0.1767423003911972
does what it's meant to do,positive,neutral,0.4677354395389557,0.08567097038030624,0.4677354395389557,0.4465935528278351
it's bad browsing with opera,positive,negative,0.49603694677352905,0.49603694677352905,0.4650561809539795,0.03890689089894295
storm warnings are behind. weather warnings just seams to be behind,neutral,neutral,0.7227304577827454,0.1601492166519165,0.7227304577827454,0.11712034791707993
not really but they had an annoying notification getting me to rate the app so,negative,neutral,0.7693466544151306,0.04453105852007866,0.7693466544151306,0.18612225353717804
was better before they started messing with it. but still a bit of silly fun,neutral,neutral,0.7286550998687744,0.10498656332492828,0.7286550998687744,0.1663583666086197
can no longer save locations.,neutral,negative,0.8926724195480347,0.8926724195480347,0.0926874652504921,0.014640099368989468
"i use to like this app. but now the radar animation don't work,and i use to like that. i see it doesn't work for other people either sence the upgrade.",negative,neutral,0.512488603591919,0.42162024974823,0.512488603591919,0.06589122116565704
it works but thats it,neutral,neutral,0.8190843462944031,0.033282071352005005,0.8190843462944031,0.14763349294662476
"next update have any problems after i'm updates its say bbm not responding, and refresh page is take a long time, maybe <number> minutes, why the hell??",neutral,negative,0.5611043572425842,0.5611043572425842,0.38221004605293274,0.05668560788035393
"just downloaded it, and haven't had the chance to use it much.",positive,negative,0.9195210933685303,0.9195210933685303,0.06995286047458649,0.01052604615688324
inferior to the ios version.,neutral,negative,0.5725497007369995,0.5725497007369995,0.37628623843193054,0.05116402730345726
"this app just simply doesnt care if i have allowed the data access or not. despite completely stopping the access to mobile data and wifi, it still runs in the background, connects with the internet and receives the texts. extremely intrusive and not something to have installed on your phone. if this is how it behaves, then it can't be trusted. uninstalled.",negative,negative,0.965888261795044,0.965888261795044,0.026094119995832443,0.008017664775252342
quick booking. many options.,positive,positive,0.8231826424598694,0.010143992491066456,0.16667333245277405,0.8231826424598694
can't jump to pages. up arrow disappears. at least make it optional for up arrow to stay visible all the time. just plain out aggregating to use.,negative,neutral,0.6311281323432922,0.31195634603500366,0.6311281323432922,0.056915536522865295
very lag and make my phone so slow,negative,negative,0.4869554936885834,0.4869554936885834,0.4684582054615021,0.04458627104759216
useful and stable application <signature>,positive,positive,0.9218020439147949,0.008375224657356739,0.06982273608446121,0.9218020439147949
overall a good app fast downloading and <signature>,positive,positive,0.9103792905807495,0.0065607777796685696,0.08305997401475906,0.9103792905807495
good place to work in groups,positive,positive,0.7891968488693237,0.008585900068283081,0.202217236161232,0.7891968488693237
good application. but needs some improvement,positive,neutral,0.49714693427085876,0.010143262334167957,0.49714693427085876,0.49270978569984436
good app but to much fake news and add,negative,positive,0.5333364009857178,0.010995804332196712,0.45566779375076294,0.5333364009857178
cool idea with severe (ironic) bug,positive,neutral,0.7209691405296326,0.11985567957162857,0.7209691405296326,0.1591751128435135
this app are clearing all data,neutral,negative,0.9290364980697632,0.9290364980697632,0.05393587797880173,0.01702756993472576
good for a waytomake moneyon the side,neutral,neutral,0.6407575607299805,0.02693980187177658,0.6407575607299805,0.33230265974998474
it is very nice app,neutral,positive,0.8068945407867432,0.009115224704146385,0.1839902698993683,0.8068945407867432
"best editing software. ui is easy , but please remove the trial",positive,positive,0.7670661807060242,0.011841855011880398,0.22109194099903107,0.7670661807060242
not visible in app tray!,positive,negative,0.8372289538383484,0.8372289538383484,0.1419922262430191,0.020778754726052284
the only thing i would do different is make this available on facebook i can't access it for my posts. had to uninstall and reinstall as it stopped working.,neutral,negative,0.890741765499115,0.890741765499115,0.08388176560401917,0.0253764558583498
"would have been a perfect app excet for the fact that you cant insert the icon into your current text, but have to start a new one(text) <url> , and with every icon!",neutral,positive,0.599610447883606,0.031992748379707336,0.3683968484401703,0.599610447883606
some issues in confirming the booking.,neutral,neutral,0.7266203165054321,0.060621343553066254,0.7266203165054321,0.21275827288627625
pls also cover news of intl. importance,neutral,positive,0.7210728526115417,0.06620486080646515,0.2127222716808319,0.7210728526115417
very easy to navigate,positive,positive,0.9001082181930542,0.012175165116786957,0.08771662414073944,0.9001082181930542
won't stop shutting down. reported several times,negative,negative,0.8881743550300598,0.8881743550300598,0.09836015105247498,0.013465472497045994
easy and very helpful,positive,positive,0.9337576627731323,0.00817030854523182,0.0580720454454422,0.9337576627731323
"there is a problem, at least in this version, each time i try to view an already downloaded city guide while i'm online, always displays the search page for hotels <url>",neutral,neutral,0.7982293963432312,0.09451400488615036,0.7982293963432312,0.10725654661655426
i am just downloading the app after completion i'll increase or decrease the rating based on the app performance,neutral,neutral,0.6149007678031921,0.28118836879730225,0.6149007678031921,0.1039108857512474
"notif now okay, ads still not ok",positive,negative,0.797607958316803,0.797607958316803,0.1665896773338318,0.03580237925052643
"great app, too bad i'm on android.",positive,positive,0.6797090768814087,0.06026826426386833,0.2600226402282715,0.6797090768814087
"it's is very effective app , but it takes too much time in opening",neutral,positive,0.5315048098564148,0.01275672111660242,0.45573848485946655,0.5315048098564148
same bad it is good for search and for download but it is no to much good when i open uc browser on it home sreen or default and not save language option for my side not good,neutral,negative,0.5644025802612305,0.5644025802612305,0.3831295669078827,0.05246788263320923
not good for me,negative,negative,0.7458488941192627,0.7458488941192627,0.21886394917964935,0.03528720885515213
it's good for few days later it is not working well,neutral,neutral,0.7669005393981934,0.018972015008330345,0.7669005393981934,0.21412751078605652
"keeps crashing. really looked fwd to checking it out, but crashes all the time. the few times it worked the timer got messed <url> work it out!",neutral,negative,0.6848898530006409,0.6848898530006409,0.29219675064086914,0.02291344478726387
the worst - yet the only <url> ckck,negative,negative,0.9335454702377319,0.9335454702377319,0.04879220202565193,0.017662258818745613
i love this app!it really helped me! devs keep on fixing and constantly improving on the app. worth any all in app purchases (which are very cheap btw). just missing a widget! &lt;/ <number>,negative,positive,0.8378708362579346,0.0488521046936512,0.11327702552080154,0.8378708362579346
my bbm very slow .. what happen ??,negative,neutral,0.47539401054382324,0.47405093908309937,0.47539401054382324,0.050555117428302765
i like booking in my computer,neutral,positive,0.8346139788627625,0.016773192211985588,0.1486128717660904,0.8346139788627625
i like this app,positive,positive,0.8847622871398926,0.012774063274264336,0.10246367752552032,0.8847622871398926
can't do or find anything on the app,negative,negative,0.8558561205863953,0.8558561205863953,0.13297580182552338,0.011168095283210278
why open raw files ?,positive,neutral,0.7043688893318176,0.15045571327209473,0.7043688893318176,0.14517536759376526
"all but useless in europe. slow to update and most features just don't work here at all. added a daily weather report, great! oh wait, it describes only one <url>",negative,negative,0.9652055501937866,0.9652055501937866,0.027497142553329468,0.007297258358448744
something very wrong with the app,negative,negative,0.9091020226478577,0.9091020226478577,0.07280883193016052,0.018089180812239647
iterate this app more then ads,negative,neutral,0.5400077700614929,0.12402664124965668,0.5400077700614929,0.3359655737876892
old seen should not repeat please,neutral,negative,0.6639629006385803,0.6639629006385803,0.2795054614543915,0.05653170123696327
great app for traveling,positive,positive,0.9413209557533264,0.013347827829420567,0.045331258326768875,0.9413209557533264
was so great <url> but <url>,negative,neutral,0.6310790181159973,0.26595526933670044,0.6310790181159973,0.10296579450368881
it's a nice app,positive,positive,0.7911270260810852,0.008063821122050285,0.20080910623073578,0.7911270260810852
i love this service,positive,positive,0.5524759888648987,0.21058322489261627,0.23694080114364624,0.5524759888648987
larry delaney like it,neutral,positive,0.6277748942375183,0.020745208486914635,0.3514799475669861,0.6277748942375183
not working with google messenger,neutral,negative,0.8144554495811462,0.8144554495811462,0.14502646028995514,0.040518056601285934
"i am enjoying the app very much, it was recommended by my nephew and it is everything that he said it would be!!",positive,positive,0.9239717125892639,0.014709411188960075,0.061318814754486084,0.9239717125892639
really only works with small documents and even then runs into freezes on motorola droid. no page jump which for books is necessary,negative,negative,0.7455464601516724,0.7455464601516724,0.23326443135738373,0.02118905447423458
"i used to really love this app until it started killing my trees just for receiving a notification that i hadn't opened yet. advanced detection is not on. may as well turn the phone off, but i use it for music.",negative,negative,0.5324690937995911,0.5324690937995911,0.4129692316055298,0.05456167086958885
crashes immediately after startup - can't use it!,negative,negative,0.960722029209137,0.960722029209137,0.032446715980768204,0.0068311491049826145
can't login to bbm,negative,negative,0.7793326377868652,0.7793326377868652,0.20225131511688232,0.018415987491607666
an very much useful application,positive,positive,0.8918010592460632,0.012107308954000473,0.09609159827232361,0.8918010592460632
works great except a few things,positive,positive,0.7013348340988159,0.014209088869392872,0.2844560742378235,0.7013348340988159
"<salutation> awful interface lacking any true customisation, yet another chat app that brings nothing new to the table and steals ideas from discord, an exercise in reinventing the wheel which hasn't been updated in years and crashes all the time. also i wouldn't trust this app if you value your privacy. avoid like the plague.",negative,negative,0.9677822589874268,0.9677822589874268,0.02542729862034321,0.0067904735915362835
good for editing bad for storage,neutral,neutral,0.5756261348724365,0.015380242839455605,0.5756261348724365,0.40899360179901123
"it's <url> only downside is can't make just any emotion, but overall great",positive,positive,0.8850594758987427,0.009006756357848644,0.10593380033969879,0.8850594758987427
used to work . please fix,negative,negative,0.8297711610794067,0.8297711610794067,0.14954648911952972,0.02068234048783779
it would be great if there's a feature where i can sort my files in folders because it is irritating to find a certain file in my sea of different subjects.,positive,positive,0.6354963779449463,0.010081258602440357,0.35442233085632324,0.6354963779449463
one thing that uc devs definitely do is to remove ads and news <url> page is annoying if we want to read then will go in news site,negative,neutral,0.6179713606834412,0.1011219471693039,0.6179713606834412,0.280906617641449
nice to be back,positive,positive,0.739385187625885,0.010973108001053333,0.24964170157909393,0.739385187625885
"in all, we have to check this.",neutral,positive,0.8004740476608276,0.03568972647190094,0.1638362556695938,0.8004740476608276
freezes on some files,neutral,neutral,0.687791645526886,0.22523193061351776,0.687791645526886,0.08697643876075745
cannot save progress without spending money.,negative,negative,0.8480838537216187,0.8480838537216187,0.13031764328479767,0.021598488092422485
greatly helpful. i like it,positive,positive,0.9309202432632446,0.008198046125471592,0.06088169664144516,0.9309202432632446
can't even spell sydney right,negative,negative,0.9474519491195679,0.9474519491195679,0.0451815202832222,0.007366543635725975
can't even create an account,negative,negative,0.9646731615066528,0.9646731615066528,0.027393905445933342,0.007932952605187893
nice app but you put extra features in this app but app is good,neutral,positive,0.540511965751648,0.010251490399241447,0.44923660159111023,0.540511965751648
"good, but better without all those ads like other free messengers such as whatsapp, telegram, etc",neutral,neutral,0.5597350597381592,0.0118400314822793,0.5597350597381592,0.4284248650074005
wow. useless. hated it. <number> stars. (if i <url> ),negative,negative,0.9680667519569397,0.9680667519569397,0.024358507245779037,0.0075747366063296795
"bloated, glorified chat. i use it because my company obliges me to do so.",negative,neutral,0.4726717174053192,0.19039286673069,0.4726717174053192,0.336935430765152
it dors ansolutely nothing. wastef my time!,negative,negative,0.9627504348754883,0.9627504348754883,0.030004361644387245,0.007245208602398634
superb editing in this,neutral,positive,0.9340635538101196,0.010571200400590897,0.05536523088812828,0.9340635538101196
"generally very good & helpful, with some good prices. free cancellation option is extremely useful.",positive,positive,0.8906090259552002,0.006633482873439789,0.10275746881961823,0.8906090259552002
"the ""i'm listening to"" <url>",positive,neutral,0.5435440540313721,0.2061123549938202,0.5435440540313721,0.2503436207771301
"solid app, but lacking in the tablet ux area",positive,neutral,0.8122474551200867,0.07024332880973816,0.8122474551200867,0.11750916391611099
let people to create more characters,neutral,positive,0.7041153907775879,0.027633586898446083,0.2682510018348694,0.7041153907775879
app is good brower is so fast but news section in uc brower is the worst thing in the world,neutral,neutral,0.75384521484375,0.07109779119491577,0.75384521484375,0.17505700886249542
"it is good easy to use , but why i have to download opera browser to download any videos from uc browser please fix this problem .",neutral,neutral,0.7311233282089233,0.021237310022115707,0.7311233282089233,0.24763935804367065
it worked better before the <url> anything posted is hard to see and get to.,neutral,neutral,0.6562060713768005,0.15564073622226715,0.6562060713768005,0.1881531924009323
can't apply for instagram. please updated,neutral,negative,0.6540755033493042,0.6540755033493042,0.2917342483997345,0.05419020727276802
image size goes from <number> mb to <number> kb else fine.,neutral,neutral,0.7582956552505493,0.039015159010887146,0.7582956552505493,0.20268921554088593
please enable apps <number> sd immediately. <signature>,negative,neutral,0.6371861696243286,0.1620471328496933,0.6371861696243286,0.20076671242713928
like the app but the don't update rainfall very often.,positive,neutral,0.6326093673706055,0.022058863192796707,0.6326093673706055,0.34533169865608215
i liked <url> the size of this app is <url> is better,positive,positive,0.6953376531600952,0.027035849168896675,0.27762651443481445,0.6953376531600952
this app is extremely bloated. for the functionality provided it should fit within <number> mb without issues.,negative,neutral,0.6129357814788818,0.3153001368045807,0.6129357814788818,0.07176407426595688
half assed. uninstall! droid ally,negative,negative,0.9657989144325256,0.9657989144325256,0.02511095255613327,0.009090123698115349
quite nice - would be useful to edit posts from mobile,positive,positive,0.7996066212654114,0.007375374902039766,0.19301803410053253,0.7996066212654114
app <number> f. temp <number> f,negative,neutral,0.5314924716949463,0.35483860969543457,0.5314924716949463,0.11366885155439377
too many update it's annoying,neutral,neutral,0.6774051189422607,0.26333537697792053,0.6774051189422607,0.05925951525568962
not responding to phone calls or emails. no customer service at all.,negative,negative,0.9196363091468811,0.9196363091468811,0.06086977943778038,0.019493969157338142
thanks for fixing the problem,negative,positive,0.6458943486213684,0.016294876113533974,0.337810754776001,0.6458943486213684
room rate at times is misleading subject to additional charges,neutral,neutral,0.6895734667778015,0.22666817903518677,0.6895734667778015,0.08375832438468933
access to files/photos/media,negative,positive,0.42859986424446106,0.15120242536067963,0.4201977252960205,0.42859986424446106
"best messaging app, not so great for file sharing though",positive,neutral,0.748875617980957,0.05212996155023575,0.748875617980957,0.198994442820549
they want to much access,neutral,negative,0.7970545887947083,0.7970545887947083,0.17197668552398682,0.03096877783536911
"would love more clothing choices, glasses and skin tones.",neutral,positive,0.8289868831634521,0.009730665944516659,0.16128243505954742,0.8289868831634521
line freecall is better than bbm freecall,neutral,neutral,0.7334103584289551,0.07402126491069794,0.7334103584289551,0.19256843626499176
this app very nice & use very easy,neutral,positive,0.9158294200897217,0.008777175098657608,0.07539345324039459,0.9158294200897217
make the dp full hd,neutral,neutral,0.5549182295799255,0.09160703420639038,0.5549182295799255,0.35347479581832886
good if it doesn't has annoying news banners,positive,neutral,0.6280529499053955,0.013948234729468822,0.6280529499053955,0.3579988181591034
please make the lite variant of this app for smartphones with less storage.,negative,neutral,0.4811955690383911,0.06667176634073257,0.4811955690383911,0.4521326422691345
age group <number> to <number> years old,negative,neutral,0.5401586890220642,0.21479418873786926,0.5401586890220642,0.24504713714122772
takes a lot of space,negative,neutral,0.6749762296676636,0.2539956271648407,0.6749762296676636,0.07102816551923752
trible app. ui is horrible.,negative,negative,0.8714619278907776,0.8714619278907776,0.11026667058467865,0.018271472305059433
loved the app very much,positive,positive,0.4818442165851593,0.2233934849500656,0.2947623133659363,0.4818442165851593
this bbm is not working on my galaxy s <number> edge why,neutral,negative,0.8782819509506226,0.8782819509506226,0.09642524272203445,0.025292852893471718
it's great <url>,neutral,positive,0.9035640954971313,0.01233431976288557,0.08410152792930603,0.9035640954971313
where is option for timer,negative,neutral,0.7165225744247437,0.06141430139541626,0.7165225744247437,0.22206315398216248
well not. so good work but. some what.,neutral,neutral,0.7800883650779724,0.03843481093645096,0.7800883650779724,0.18147683143615723
this could be great <url>,neutral,neutral,0.6187422275543213,0.04308287426829338,0.6187422275543213,0.33817481994628906
take too much space or ram to run,neutral,neutral,0.542293131351471,0.40323394536972046,0.542293131351471,0.054472923278808594
very useful. ive used the app many times in the last few years. hv even referred others by telling them directly. wish full address address of property could be included even before booking. thats my only complaint.,positive,positive,0.9127840995788574,0.008901317603886127,0.0783146321773529,0.9127840995788574
i love it but she doesn't look like me after making so many changes!!,positive,positive,0.5392244458198547,0.03697746992111206,0.4237981140613556,0.5392244458198547
"it's ok, but since it appears to have basic reflow why can't we have white text on black background to save battery?",neutral,neutral,0.82890385389328,0.017357373610138893,0.82890385389328,0.15373878180980682
great!!! amazing tool for textbooks in pdf <url> i use it on my lenovo tab <number> <number> plus and it works awesome. most of my medical textbooks converted in pdf run absolutely fine with this app.,positive,positive,0.939696729183197,0.013707155361771584,0.04659610614180565,0.939696729183197
bothering me for a rating,neutral,neutral,0.4825756549835205,0.440666526556015,0.4825756549835205,0.07675778865814209
it works great until you need to use another app. even when i whitelist apps my tree still withers,neutral,neutral,0.65887451171875,0.17084763944149017,0.65887451171875,0.17027781903743744
good weather overview. occasionally buggy (no pun intended).,positive,positive,0.6701181530952454,0.010458620265126228,0.31942322850227356,0.6701181530952454
when it works is great,neutral,neutral,0.5444185733795166,0.37135422229766846,0.5444185733795166,0.08422724902629852
radar map doesnt work at all since last update. please fix and get <number> stars,negative,negative,0.9514601230621338,0.9514601230621338,0.04113361984491348,0.007406261749565601
"how do i use on facebook,?",negative,neutral,0.5415334105491638,0.17619922757148743,0.5415334105491638,0.28226733207702637
used to be my favorite app,negative,negative,0.819298267364502,0.819298267364502,0.15845796465873718,0.02224373258650303
its all good except for one thing.,neutral,neutral,0.5686496496200562,0.01196526549756527,0.5686496496200562,0.4193851351737976
to good to be true,positive,neutral,0.5426540374755859,0.08963790535926819,0.5426540374755859,0.3677079975605011
this app is useful for me,positive,positive,0.8774460554122925,0.008096572943031788,0.11445742100477219,0.8774460554122925
"only worked for a day, then the app would never open and kept saying there was a error. uninstalled the re-installed <number> times never worked again",negative,negative,0.9648250937461853,0.9648250937461853,0.028397105634212494,0.006777763366699219
not able to open pdf's downloaded to sd <url>,negative,negative,0.7024149298667908,0.7024149298667908,0.24892990291118622,0.04865511506795883
slow and crashes dinc v <number> . <number>,negative,neutral,0.4887968897819519,0.46599382162094116,0.4887968897819519,0.04520925134420395
"easy to use, fairly accurate!",positive,positive,0.9241846799850464,0.006788482889533043,0.0690268874168396,0.9241846799850464
its a usefull app for informal office communication.,positive,positive,0.9364254474639893,0.007478079758584499,0.056096434593200684,0.9364254474639893
"facebook face detection doesn't work, so you have to start from scratch. also not enough selection to choose from.",neutral,negative,0.5965436697006226,0.5965436697006226,0.34619808197021484,0.05725827068090439
more than one and add more stuff. (stuff to make the avatar),neutral,positive,0.8726388216018677,0.016920166090130806,0.11044105142354965,0.8726388216018677
i can't play it that sucks,negative,negative,0.9387233257293701,0.9387233257293701,0.05303625017404556,0.00824037753045559
crashes during import htc one m <number>,negative,negative,0.8449533581733704,0.8449533581733704,0.12757658958435059,0.027470119297504425
does exactly what it says. i like it.,positive,positive,0.9217227697372437,0.008881228975951672,0.06939603388309479,0.9217227697372437
i think this app is good,positive,positive,0.541401207447052,0.010684959590435028,0.44791385531425476,0.541401207447052
great app. free cancellation should be indicated per hotel before booking.,positive,positive,0.6464993953704834,0.17073994874954224,0.18276067078113556,0.6464993953704834
"it's great for pdf, i only wish it supported other book formats like epub or mobi",positive,positive,0.8932639956474304,0.007684635929763317,0.09905143827199936,0.8932639956474304
"stopped working and deleted everything after a week, pretty poor i'd say",negative,negative,0.9533231854438782,0.9533231854438782,0.03982038423418999,0.006856412161141634
"a couple days ago, started telling me it can't attatch the emoji to my texts, that just stinks! i have a galaxys <number>",negative,negative,0.8307746052742004,0.8307746052742004,0.15038692951202393,0.018838422372937202
overall very useful app. i only don't like the fact that also sold-out hotels are shown. can be quite frustrating.,positive,positive,0.8058549761772156,0.009962564334273338,0.18418246507644653,0.8058549761772156
works well. it could have been better if approximate dates were allowed in search form.,positive,positive,0.7022502422332764,0.009706513024866581,0.28804320096969604,0.7022502422332764
still not as good as it could be!,neutral,neutral,0.5079889297485352,0.3636239171028137,0.5079889297485352,0.12838715314865112
for more information about this review go to <url>,negative,positive,0.5225231647491455,0.056866537779569626,0.42061033844947815,0.5225231647491455
its been <number> years im using uc browser i gave a feedback that in uc browser we can't download videos directly to sd <url> have given a feedback about this past <number> years back but still uc team have not sloved my <url> service i request google team to please remove this uc browser from google <url> dnt need this kind of careless team ..,negative,negative,0.9588625431060791,0.9588625431060791,0.03392262011766434,0.007214841898530722
awesome app to find any <url> it,positive,positive,0.9185248017311096,0.01597890630364418,0.06549627333879471,0.9185248017311096
ok permissions fix. i've updated and given back two of the four stars i'd dropped.,neutral,neutral,0.7887727618217468,0.06803052872419357,0.7887727618217468,0.14319665729999542
i love the idea but can we get a weekly forest too?? that would be quite motivating!,neutral,positive,0.7845419645309448,0.013461173512041569,0.201996847987175,0.7845419645309448
it's very good for edit photos and make photos and make a design of any things,positive,positive,0.9243767261505127,0.00772503949701786,0.06789824366569519,0.9243767261505127
"i really love the lightroom software for laptops and other devices, but i don't find the app really convincing when compared to the software as you just miss so many options in the app",neutral,neutral,0.7144145965576172,0.03343995660543442,0.7144145965576172,0.2521454393863678
"latest version is <number> . <number> . <number> , last updated on <number> th september <number> . uninstalled as abandoned. desktop is already at <number> . <number> .",negative,negative,0.9536609649658203,0.9536609649658203,0.03590751439332962,0.010431535542011261
just click the back button and my tree will still <url> and i don't think i have the whitelist edit- i think your tree only dies when you open another app that isn't on your whitelist or else the list is <url> am i wrong?,positive,negative,0.7447251677513123,0.7447251677513123,0.22345706820487976,0.031817708164453506
adobe products are awsome,positive,neutral,0.5081005692481995,0.41422298550605774,0.5081005692481995,0.0776764303445816
latest update fails to install with 'unknown reason - <number> ',neutral,negative,0.8031286597251892,0.8031286597251892,0.16218842566013336,0.03468291461467743
"the app syncs messages too slowly and marking messages as ""read"" is buggy.",neutral,neutral,0.743598997592926,0.07697786390781403,0.743598997592926,0.17942318320274353
"great service, terrible app. the app doesn't seem work with mobile internet which makes it mostly useless.",negative,negative,0.9688777923583984,0.9688777923583984,0.02317870780825615,0.007943452335894108
now <number> % harder to use,negative,negative,0.880323052406311,0.880323052406311,0.09861185401678085,0.021065181121230125
marginal but still better than others i have tried.,neutral,neutral,0.7443126440048218,0.06079262122511864,0.7443126440048218,0.1948946863412857
the app doesn't provide multiple tabs at a time. it would be great if its possible.,positive,neutral,0.6508587598800659,0.017809990793466568,0.6508587598800659,0.3313312828540802
good app and uesfull,negative,positive,0.8096011877059937,0.00967035349458456,0.18072852492332458,0.8096011877059937
only hate the <url>,positive,positive,0.4049905836582184,0.20716392993927002,0.387845516204834,0.4049905836582184
"i was using it every day and i think it was brilliant, even upgraded to paid version but since last update i haven't been able to access it at all as it keeps crashing. please fix it.",neutral,neutral,0.5594062209129333,0.17635884881019592,0.5594062209129333,0.2642349302768707
wont work for saml integration,neutral,negative,0.9585026502609253,0.9585026502609253,0.03442658856511116,0.00707083148881793
good but ads are annoying,neutral,neutral,0.5664588212966919,0.011491643264889717,0.5664588212966919,0.4220495820045471
"app works fine, but it is very disappointing that there is no possibility to just use the map to find available accommodation. you always have to fill a place to search, but mostly i just want to browse and see what's available, regardless of the location.",neutral,neutral,0.7025136351585388,0.015593236312270164,0.7025136351585388,0.28189313411712646
worst app and if it is install u r phone become a virus attack,negative,negative,0.9710119366645813,0.9710119366645813,0.022000089287757874,0.006987922824919224
not what i'd expect from the creators,neutral,negative,0.7602642178535461,0.7602642178535461,0.21170054376125336,0.02803521789610386
"won't leave my facebook, like a <url>",negative,negative,0.9100534915924072,0.9100534915924072,0.07979851961135864,0.010147931054234505
ads is an inconvenient thing so far,positive,negative,0.7586556673049927,0.7586556673049927,0.21044471859931946,0.03089955449104309
"i like the interface , it's really good. for me, i feel it would be nice to have a look up option when we right-click on words . it's functionality is to link up words to our dictionary apps. <signature>",positive,positive,0.86147540807724,0.006797545589506626,0.13172706961631775,0.86147540807724
good but many <url>,positive,neutral,0.6032265424728394,0.012459675781428814,0.6032265424728394,0.38431382179260254
requires photos to be imported into lightroom. i know this has how the desktop version but wish the mobile version was faster and easier to use.,neutral,neutral,0.7647109627723694,0.09497968852519989,0.7647109627723694,0.1403093785047531
miss tabs to move between open docs. otherwise is fab.,positive,neutral,0.7741422653198242,0.09281262755393982,0.7741422653198242,0.13304507732391357
"they stole from me i wanted a refund and because the manager of the hotel i chose treated me indifferently all because i wasn't <number> and so i emailed their "" <number> hour customer service"" and never got helped. lost $ <number> . don't use this app it is a trap.",negative,negative,0.9688406586647034,0.9688406586647034,0.023656371980905533,0.007503034546971321
my ag fans love the photos i do,positive,positive,0.8835528492927551,0.032412171363830566,0.0840349867939949,0.8835528492927551
this app would be perfectly awesome if it worked with the keyboard on my tablet so that i could use it in facebook when i <url> without white backgrounds,neutral,positive,0.6447091102600098,0.017757738009095192,0.33753320574760437,0.6447091102600098
"why my friends can retract or delete their messages, while i can't? i don't know what bb phone or android they have.",neutral,neutral,0.6007263660430908,0.3203798234462738,0.6007263660430908,0.07889384031295776
it sucks non free things to choose from,negative,negative,0.9488539695739746,0.9488539695739746,0.042799755930900574,0.008346378803253174
this is very good app for downloading,positive,positive,0.8974283933639526,0.009805441834032536,0.0927661806344986,0.8974283933639526
not accurate information all the time,neutral,neutral,0.6899334192276001,0.24309435486793518,0.6899334192276001,0.06697221100330353
cannot show my reserved bookings,negative,negative,0.591647207736969,0.591647207736969,0.37544894218444824,0.032903771847486496
i love this app,positive,negative,0.37982258200645447,0.37982258200645447,0.30425941944122314,0.3159179985523224
my company forces me to use this app.,neutral,negative,0.9323218464851379,0.9323218464851379,0.05225127562880516,0.015426825731992722
it's hard to cancel a booking when <url> to use,neutral,neutral,0.792500376701355,0.12211624532938004,0.792500376701355,0.0853833258152008
won't open email attachments,negative,negative,0.936711847782135,0.936711847782135,0.05561080947518349,0.0076772356405854225
couldn't find a better suited search app. compliments to the team. trivago couldn't find these many options.,positive,negative,0.6579025387763977,0.6579025387763977,0.3150944411754608,0.027003033086657524
"simple to use, don't seem to be able to see complete booking information",positive,neutral,0.7853485345840454,0.09865016490221024,0.7853485345840454,0.11600123345851898
absolutely one of the <signature>,positive,positive,0.9313758611679077,0.014521769247949123,0.05410232022404671,0.9313758611679077
i like the reading mode specially. but sometimes it crashes.,positive,positive,0.5883816480636597,0.016457511112093925,0.39516082406044006,0.5883816480636597
sounds and digital mixer cansol,positive,positive,0.5949742197990417,0.0814104974269867,0.32361528277397156,0.5949742197990417
"lacks a lot of basic features such as bookmarks and ""goto page"". thinkoffice does a better job.",negative,neutral,0.8413680195808411,0.055229734629392624,0.8413680195808411,0.10340224206447601
much better than asana,positive,positive,0.8179116249084473,0.02406419813632965,0.15802419185638428,0.8179116249084473
better on my windows phone,negative,neutral,0.6098553538322449,0.08694818615913391,0.6098553538322449,0.3031964898109436
it's good but always show on screen when i switch on my home screen,neutral,positive,0.5166165232658386,0.009438792243599892,0.47394466400146484,0.5166165232658386
this app is my go to when i need to know about the weather.,positive,positive,0.9208941459655762,0.013684951700270176,0.06542088091373444,0.9208941459655762
"okay but not great, and not really improving",neutral,neutral,0.7904564142227173,0.037105970084667206,0.7904564142227173,0.17243757843971252
it should have pause option,neutral,neutral,0.7682218551635742,0.02747202105820179,0.7682218551635742,0.20430612564086914
"all is good in this app except i couldn't see any hdr option while clicking photos, may be since i use oneplus one, which also has high processing power and advanced chipset enough to support this app. so they should support many more devices like this! hope the support arrives in next update itself.",neutral,neutral,0.5747717618942261,0.012835468165576458,0.5747717618942261,0.4123927652835846
"professional app , useful for office purpose , easily connect to office by mobile but too much heavy unable to send messages on slow network.",positive,positive,0.9240838885307312,0.009041252546012402,0.06687488406896591,0.9240838885307312
update is not starting after clicking on update button,negative,negative,0.5623108744621277,0.5623108744621277,0.38056883215904236,0.05712026357650757
hate it since the update,negative,negative,0.9483879208564758,0.9483879208564758,0.04415469989180565,0.007457380183041096
tired of getting ripped off.,negative,negative,0.5193469524383545,0.5193469524383545,0.44606104493141174,0.034591931849718094
had to sleep in the truck!,negative,negative,0.9396958947181702,0.9396958947181702,0.05063367635011673,0.009670363739132881
radar stopped working. i would've given <number> star rating if it worked.,negative,negative,0.9436309933662415,0.9436309933662415,0.045608583837747574,0.010760398581624031
worst experience in goa,negative,negative,0.9676899313926697,0.9676899313926697,0.024470118805766106,0.007839895784854889
like it because it syncs better,positive,positive,0.7001302242279053,0.011264350265264511,0.2886054515838623,0.7001302242279053
i can connect to my friends.,positive,positive,0.9224727153778076,0.010535018518567085,0.06699231266975403,0.9224727153778076
i love this app,negative,negative,0.3798225224018097,0.3798225224018097,0.3042595088481903,0.31591796875
fantastic app for downloading and easy to use,positive,positive,0.9375429153442383,0.011261860840022564,0.0511951819062233,0.9375429153442383
"unable to change alert sound. not in options. unable to enable alerts per channel, on all or keywords and direct. closer to a beta than an app.",negative,negative,0.6207561492919922,0.6207561492919922,0.3332744240760803,0.04596947133541107
so much fun! makes people laugh.,positive,positive,0.7870389819145203,0.04379797726869583,0.16916297376155853,0.7870389819145203
similar to all other photo editing apps. doesn't stand out from ythe rest.,neutral,neutral,0.7784717679023743,0.13099908828735352,0.7784717679023743,0.09052914381027222
the quality of display picture is so bad,neutral,neutral,0.632419764995575,0.3050559163093567,0.632419764995575,0.06252437829971313
this app is very fast,neutral,positive,0.841199517250061,0.021734682843089104,0.13706575334072113,0.841199517250061
dear friends do not install this browser. this browser is pathrtic <url> will ads and ads on this .really annoying,negative,negative,0.7632694244384766,0.7632694244384766,0.21665623784065247,0.020074274390935898
please fix so i can type!,negative,neutral,0.616519033908844,0.05930212140083313,0.616519033908844,0.3241788446903229
able to provide sufficent info regarding hotel that want to be rent,positive,positive,0.5973067283630371,0.03767646104097366,0.3650168180465698,0.5973067283630371
they make you pay to create an account!! this is outrageous.,negative,negative,0.9641429781913757,0.9641429781913757,0.027905313298106194,0.007951634004712105
"it's a great concept for assosiating a reward to focus for those of us who struggle; however, my tree withers when someone phones me and i don't answer which is obviously a piss off.",positive,positive,0.7786983847618103,0.0160821583122015,0.20521940290927887,0.7786983847618103
really a very good app,positive,positive,0.9007908701896667,0.012247740291059017,0.08696133643388748,0.9007908701896667
awesome app! it will be better if you sync all your timers on your phones and chrome/mozilla extension. because i have to start to plant on my <number> phones and my browers when i'm working when you can do it just once and all your timers will start automatically. i hope you do it!,positive,positive,0.9270939230918884,0.011880405247211456,0.06102574244141579,0.9270939230918884
this app is very nice,positive,positive,0.7278069257736206,0.011601888574659824,0.26059120893478394,0.7278069257736206
"this app is super cute! my only complaint is that there is no piercing section! i have <number> piercings and would really like to at least have a nose ring! or maybe earrings? also think you should be able to customize outfits, like pick a shirt, bottoms, and shoes! instead of just the premade outfits.",positive,positive,0.8826143145561218,0.009464527480304241,0.10792122036218643,0.8826143145561218
"app is okay but has superfluous things that i will never use. including every option is okay but the ideal app would allow for complete customization of components and page information that is pertinent to the user and where they are located. additionally, collecting metrics on what users actually use versus what is weak allows for improved development of the weaker app areas. that said, i have used this app for a long time with little cause for complaint.",neutral,positive,0.5287533402442932,0.013880059123039246,0.45736658573150635,0.5287533402442932
could you please add an option for exporting photos using the png format? it would be very handy.,neutral,positive,0.7975375056266785,0.008008360862731934,0.1944541335105896,0.7975375056266785
i like the reflow feature. but useless for me as i can't search nor skip to a specific page (have to scroll through entire books),negative,neutral,0.7620646357536316,0.04769616201519966,0.7620646357536316,0.19023919105529785
"simple yet effective. would be great if the app had more customisation options like moving the plants around, changing the colour etc.",positive,positive,0.8104758262634277,0.0077511281706392765,0.18177305161952972,0.8104758262634277
uc brouser is <signature>,positive,positive,0.44225454330444336,0.21422740817070007,0.34351807832717896,0.44225454330444336
not starting since last update. please see to it. i gave <number> star so you can quickly check my issue. my phone is note <number> neo n <number>,positive,neutral,0.6809970140457153,0.19431787729263306,0.6809970140457153,0.12468510121107101
doesn't work properly on nova launcher,neutral,negative,0.941859781742096,0.941859781742096,0.04852503910660744,0.009615205228328705
"useful, informative and helpful <signature>",positive,positive,0.9409220218658447,0.008386142551898956,0.05069175735116005,0.9409220218658447
still no floating head!! disappointed,negative,negative,0.9077883362770081,0.9077883362770081,0.08008215576410294,0.012129473499953747
this app sucks now,negative,negative,0.9702263474464417,0.9702263474464417,0.021833589300513268,0.007940058596432209
it can't find my photos,negative,negative,0.8704175353050232,0.8704175353050232,0.11505786329507828,0.014524565078318119
what happened to my little shortcut!? or used to stay open in all my messaging <url> now it's gone!!,negative,negative,0.8819708228111267,0.8819708228111267,0.1059831827878952,0.01204598043113947
stable and functional but not totally user friendly.,neutral,neutral,0.7891711592674255,0.02169487252831459,0.7891711592674255,0.1891338974237442
this is good <url>  downloading movies but many. ads are come in between browsing,neutral,neutral,0.5872623324394226,0.011455965228378773,0.5872623324394226,0.4012816548347473
i don't like the company not the app,negative,neutral,0.6434521079063416,0.2912296950817108,0.6434521079063416,0.06531813740730286
"great app but would love to have better clothing styles. maybe peacoats, pencil skirts etc. <signature>",positive,positive,0.9323058128356934,0.008558660745620728,0.05913554131984711,0.9323058128356934
radar map will not move. it hasn't been accurate either.,negative,negative,0.9090763926506042,0.9090763926506042,0.07772354036569595,0.013200066052377224
"simplistic, designed to exceed expectations and overcome limitations.",positive,positive,0.5111196637153625,0.033031199127435684,0.4558491110801697,0.5111196637153625
<url> sometimes it's gone <url> hate slow,neutral,neutral,0.5538338422775269,0.36657652258872986,0.5538338422775269,0.0795895978808403
"i would use it more but i dont like that it has to start a new message, would be better if it would just add to the convo on the screen",neutral,neutral,0.7420281767845154,0.028252948075532913,0.7420281767845154,0.22971881926059723
very bad app. it is forcing to instal. i think it is a virus.,negative,negative,0.9689666628837585,0.9689666628837585,0.02385016158223152,0.007183254696428776
better if no trial period and unlimited use for free,positive,neutral,0.6019926071166992,0.033482782542705536,0.6019926071166992,0.36452460289001465
great but needs presets access,neutral,positive,0.9066000580787659,0.009884114377200603,0.08351588249206543,0.9066000580787659
each time it simply keeps saying that my phone has <url> disgusting,negative,negative,0.5943232178688049,0.5943232178688049,0.3534185588359833,0.052258286625146866
keeps documents in line. i really like this application!,positive,positive,0.9131509065628052,0.014103175140917301,0.0727459117770195,0.9131509065628052
anyone video download stop and very slow download,negative,negative,0.8075129985809326,0.8075129985809326,0.17305772006511688,0.019429346546530724
used to work but no longer does. writing this review while my is growing :/,neutral,negative,0.7896113991737366,0.7896113991737366,0.18876273930072784,0.02162587083876133
limited options but fun,neutral,neutral,0.5661187767982483,0.019082026556134224,0.5661187767982483,0.41479915380477905
would give better but have'nt used much yet,negative,neutral,0.6624442338943481,0.019500454887747765,0.6624442338943481,0.31805530190467834
"app ok, but temp doesn't update in notification bar",neutral,neutral,0.8408119082450867,0.03864721953868866,0.8408119082450867,0.12054088711738586
no way to redeem tickets.,neutral,negative,0.9636059403419495,0.9636059403419495,0.027253689244389534,0.009140345267951488
"silly app , it would let me open google while it will kill the plant if i open calculator or dictionary",negative,negative,0.8333123326301575,0.8333123326301575,0.14781995117664337,0.018867669627070427
"wow, such a pos!",negative,positive,0.827568769454956,0.04100361838936806,0.13142764568328857,0.827568769454956
is a great app but since the update a couple of days ago i can't get radar to work. tried uninstalling and reinstalling but doesn't work.,positive,neutral,0.7338137030601501,0.15177221596240997,0.7338137030601501,0.11441408842802048
"i hate start up with system, i don't use it frequently",negative,negative,0.898506760597229,0.898506760597229,0.09165159612894058,0.009841709397733212
push notifications not working,negative,negative,0.7674544453620911,0.7674544453620911,0.18672505021095276,0.04582047834992409
good combination with acrobat reader. it's quite clear,positive,positive,0.8838077187538147,0.006402095314115286,0.1097901463508606,0.8838077187538147
nice. update it to be more digital. very clear,positive,positive,0.8635600805282593,0.007125270552933216,0.12931467592716217,0.8635600805282593
nice but sometimes hanging,positive,positive,0.5562127232551575,0.010066765360534191,0.43372049927711487,0.5562127232551575
still getting to know it,positive,neutral,0.5983314514160156,0.2567761540412903,0.5983314514160156,0.14489245414733887
i use it for reading articles and it's fine. would be useful to be able to open two articles at once for cross reference but otherwise happy with the app,positive,positive,0.8915102481842041,0.007278174161911011,0.1012115329504013,0.8915102481842041
its better than others,neutral,positive,0.5863035321235657,0.01147107407450676,0.4022253751754761,0.5863035321235657
does not work. in play store not listed as trial .come on adobe you stop down loads from your services now products do not work and listed as free we hen really a trial,negative,negative,0.9669413566589355,0.9669413566589355,0.024212229996919632,0.008846379816532135
almost a good editor,positive,positive,0.8558123111724854,0.010457254014909267,0.1337304562330246,0.8558123111724854
not able to download new <url>,neutral,negative,0.6135250926017761,0.6135250926017761,0.33062729239463806,0.05584767833352089
"so i create a pdf using an adobe program, then send it to my phone to see what it looks like, but it won't open! pretty lame if you ask me.",negative,negative,0.6983714699745178,0.6983714699745178,0.26277658343315125,0.038851987570524216
sometime can't change display picture at asus zenfone <number> . please fix,negative,neutral,0.7667285203933716,0.1346830576658249,0.7667285203933716,0.09858837723731995
really nice concept but on android it just keeps hanging and eventually crashing.,negative,neutral,0.6923323273658752,0.028353925794363022,0.6923323273658752,0.27931374311447144
doesn't work on my phone. always error,negative,negative,0.957277774810791,0.957277774810791,0.0369759239256382,0.005746276583522558
slackbot opens every time i start to type a reply in the app. started happening with the last update (note <number> ). why can't we disable slackbot? <number> star until we get this ability.,negative,negative,0.6448219418525696,0.6448219418525696,0.2997902035713196,0.05538783594965935
"complex app that covers all sorts of things related to travelling, maybe too many",positive,positive,0.9083639979362488,0.012752591632306576,0.07888340204954147,0.9083639979362488
great and more awesome,positive,positive,0.895576000213623,0.03431336581707001,0.07011058181524277,0.895576000213623
not what i asked for,negative,negative,0.8767569661140442,0.8767569661140442,0.1051919162273407,0.018051091581583023
i wish you would show canadian maps,neutral,positive,0.5935915112495422,0.02129923366010189,0.3851092457771301,0.5935915112495422
you don't allow to take in-app screenshots?,neutral,negative,0.6950417757034302,0.6950417757034302,0.2627618908882141,0.04219627380371094
how about date birth,negative,neutral,0.5393361449241638,0.12761043012142181,0.5393361449241638,0.33305343985557556
"works great, other then not being able to delete content directly from phone.",neutral,neutral,0.5378953814506531,0.04283786937594414,0.5378953814506531,0.4192666709423065
can't copy/paste or add keyboard to android,negative,neutral,0.6959350109100342,0.2494412362575531,0.6959350109100342,0.05462373048067093
can't even create a account tried more than <number> times,negative,negative,0.9653823375701904,0.9653823375701904,0.027800174430012703,0.006817502435296774
fast and good but missing features.,neutral,positive,0.7775766849517822,0.01007574051618576,0.21234752237796783,0.7775766849517822
cannot get rid of floating head in my messages and it's driving me mad. i've had to uninstall the app to get rid of it &gt;:-/,negative,negative,0.7817350625991821,0.7817350625991821,0.2029283195734024,0.015336626209318638
"love this app. i use it to study, but i answered a phone call and it wilted my tree. i can't really help when i receive phone calls. this one had to be answered and now i have to look at a wilted tree in my beautiful forest. i am upsetti spaghetti since i'm a perfectionist",positive,positive,0.5921667218208313,0.0490628220140934,0.3587704598903656,0.5921667218208313
this app is slowly work,neutral,negative,0.5021817088127136,0.5021817088127136,0.4352685809135437,0.06254968792200089
no instructions on how to delete files/pages viewed.,neutral,neutral,0.601608395576477,0.32772475481033325,0.601608395576477,0.0706668347120285
it helps a lot.,positive,positive,0.8663924932479858,0.008992979303002357,0.12461448460817337,0.8663924932479858
"need to improve performance, usablity, and <url>",neutral,positive,0.5328124761581421,0.026437683030962944,0.4407498240470886,0.5328124761581421
multiple image share option is missing,neutral,neutral,0.6795117855072021,0.04306868836283684,0.6795117855072021,0.2774195373058319
"i like the functions, but",neutral,neutral,0.5420914888381958,0.015702273696660995,0.5420914888381958,0.4422062337398529
why don't you just block us all?! =d =d =d,negative,negative,0.5052616596221924,0.5052616596221924,0.4207143783569336,0.07402390986680984
easy to find hotel,neutral,positive,0.7673184871673584,0.014664010144770145,0.2180175632238388,0.7673184871673584
"if unexpected crashes negleted, it is so far the <signature>",positive,positive,0.48264503479003906,0.03981328010559082,0.4775416851043701,0.48264503479003906
used to love it,negative,negative,0.8189224004745483,0.8189224004745483,0.15764467418193817,0.023432856425642967
"i love this app but with the latest update it died when i used a white listed app, and when i checked my whitelist i couldn't scroll through or change anything which was weird. plz fix this and add more trees!",positive,positive,0.6925560832023621,0.033437468111515045,0.2740064263343811,0.6925560832023621
very good mobile phone photo editor,positive,positive,0.9094072580337524,0.009151789359748363,0.08144095540046692,0.9094072580337524
keeps telling u to turn on the access then brings u to the settings page and even aft you check all the boxes doesnt take you back to the app. and continues to keep popping up disrupting phone usage. app doesnt work properly,negative,negative,0.9544867277145386,0.9544867277145386,0.0385030061006546,0.0070102643221616745
app is faster but stucks mobile pleas fix it up,positive,neutral,0.769044816493988,0.08445493131875992,0.769044816493988,0.14650018513202667
"should have ""seen"" feature",neutral,neutral,0.7831073999404907,0.048345860093832016,0.7831073999404907,0.16854681074619293
"can not zoom in or out, plis fix",neutral,negative,0.6341226100921631,0.6341226100921631,0.3299514651298523,0.035925909876823425
nice idea and interface but finding friends doesn't work on android,neutral,neutral,0.7229293584823608,0.03152891620993614,0.7229293584823608,0.24554169178009033
white list is so frustrating!,negative,negative,0.5382603406906128,0.5382603406906128,0.4223557412624359,0.039383914321660995
need <url> saving to gallery issue adding photo issue,neutral,neutral,0.6644772887229919,0.19505658745765686,0.6644772887229919,0.14046610891819
the live doppler doesn't work since i updated,negative,negative,0.5261524319648743,0.5261524319648743,0.4354456961154938,0.03840189799666405
very ugly and difficult to use platform. i do not suggest it. very bad,negative,negative,0.9651618599891663,0.9651618599891663,0.02782817743718624,0.0070099723525345325
recent update be unstable and loading so late,neutral,negative,0.5216616988182068,0.5216616988182068,0.43187522888183594,0.046463027596473694
would give <number> stars if you blocked the facebook messenger bubble as well,positive,neutral,0.6281211376190186,0.053776975721120834,0.6281211376190186,0.3181018829345703
it's a good overall weather app. do miss the traffic cam.,positive,positive,0.8222227096557617,0.007471487391740084,0.17030583322048187,0.8222227096557617
really hard to navigate.,neutral,negative,0.8307311534881592,0.8307311534881592,0.1494593322277069,0.01980941742658615
they don't refund difference if room is cheaper,negative,neutral,0.5143447518348694,0.3721930682659149,0.5143447518348694,0.11346219480037689
"works most of the time. freezes sometimes while trying to open a document, but just restart the app and it's good to go.",positive,neutral,0.6826184988021851,0.020578371360898018,0.6826184988021851,0.29680314660072327
my friend show me it on tumbler it's amazing <signature>,positive,positive,0.9203554391860962,0.011992838233709335,0.06765171885490417,0.9203554391860962
would of gave it <number> stars if i could. i just figured out that this app was using <number> % of my battery life and i never even use the app. sucks really bad.,negative,negative,0.9622833728790283,0.9622833728790283,0.03093061037361622,0.00678605493158102
"you ruined the icon, we said ok. now you are ruining the background color too. stop changing, no one was complaining!",neutral,negative,0.8090484738349915,0.8090484738349915,0.16087566316127777,0.030075855553150177
should have been a <number> star but why's the android version lacking local adjustments that the ios version has. i can understand that there may be delays among platforms but it's already <number> months behind!,neutral,neutral,0.7765840888023376,0.0683775395154953,0.7765840888023376,0.15503835678100586
nothing i want from this app,negative,negative,0.9062770009040833,0.9062770009040833,0.08076487481594086,0.012958180159330368
so great until today,negative,negative,0.613968014717102,0.613968014717102,0.2891380488872528,0.09689389914274216
it would be nice if it had it on like whatsapp for android but you have to download another app to access that <url> yeah but it's good,positive,neutral,0.5065114498138428,0.009935123845934868,0.5065114498138428,0.483553409576416
high quality images turns into low quality,neutral,neutral,0.7270514965057373,0.1979999989271164,0.7270514965057373,0.0749485194683075
"it doesnt work, the screen flashes on and off and it wont open",negative,negative,0.96340012550354,0.96340012550354,0.029039787128567696,0.007560060825198889
no retract in options,neutral,neutral,0.6870808601379395,0.18745200335979462,0.6870808601379395,0.12546709179878235
last position read somewhat flawed,neutral,neutral,0.730684757232666,0.14194996654987335,0.730684757232666,0.12736530601978302
get <number> days free trial. nice. to try it i need to be able to access photos that store to my sd card. i do that so i have room on my phones internal drive. waste of time,negative,neutral,0.6660125255584717,0.21116040647029877,0.6660125255584717,0.12282712012529373
does not support to open pwd protected document,neutral,negative,0.76521235704422,0.76521235704422,0.19456058740615845,0.040227144956588745
got rid of the irc gateway. this was why we used slack. uninstalled.,negative,negative,0.9614559412002563,0.9614559412002563,0.030100900679826736,0.008443192578852177
more theme and customization <url>,positive,positive,0.6639732718467712,0.033912938088178635,0.30211374163627625,0.6639732718467712
some items don't work!,neutral,neutral,0.616066575050354,0.2905738055706024,0.616066575050354,0.09335960447788239
map animation still has bug.,negative,neutral,0.5443893074989319,0.38175168633461,0.5443893074989319,0.07385902851819992
"ignores some files, loads a few others",neutral,negative,0.5298526287078857,0.5298526287078857,0.43851590156555176,0.031631503254175186
it's not as good as it used to be,neutral,negative,0.6184308528900146,0.6184308528900146,0.3361264765262604,0.04544270411133766
"good, but needs things",positive,neutral,0.6064954400062561,0.011338327080011368,0.6064954400062561,0.38216620683670044
not working properly on samsung galaxy a <number> .,negative,negative,0.8850404620170593,0.8850404620170593,0.08725427836179733,0.027705321088433266
views pdfs better then stock app but it doesn't see pdf's on sd card,negative,neutral,0.8052765727043152,0.08564870059490204,0.8052765727043152,0.10907468944787979
no way to get rid of ads on terrible screen layout.,negative,negative,0.961972177028656,0.961972177028656,0.02965931035578251,0.008368445560336113
required an account. i want an app to edit pictures on my phone. the online storage and synchronization should be an optional feature; not a requirement.,negative,neutral,0.6542138457298279,0.2425927072763443,0.6542138457298279,0.10319343954324722
ok with local weather love the thunder part of the app,positive,positive,0.5081043243408203,0.014193370006978512,0.4777023494243622,0.5081043243408203
trivago the tru app,neutral,positive,0.5334570407867432,0.12683288753032684,0.3397100269794464,0.5334570407867432
add a floating notification,positive,neutral,0.4941972494125366,0.04527352377772331,0.4941972494125366,0.46052926778793335
why i can not share video on bbm group; too many update but no significant effect,negative,neutral,0.6555772423744202,0.25012239813804626,0.6555772423744202,0.094300277531147
limited options for search,negative,neutral,0.8223385214805603,0.04848548024892807,0.8223385214805603,0.1291760355234146
good for messaging not for calls,neutral,neutral,0.7392838001251221,0.0424085408449173,0.7392838001251221,0.21830768883228302
"it's available when i need it and it's more accurate than other weather apps i've tried. update(jan <number> ) <url> recent california winter has been crazy, and frankly this app has let me down with inaccurate forecasts for most of it. comparatively, the google now app is more accurate. maybe the sensors in my area are just bad. when it's fixed, i revisit my review.",neutral,neutral,0.7570207715034485,0.044280167669057846,0.7570207715034485,0.19869908690452576
you could add a bit more features. birthmarks scars moles etc,positive,positive,0.7240211367607117,0.01286354660987854,0.2631153464317322,0.7240211367607117
i am using it before <number> years,positive,positive,0.4406735897064209,0.12739937007427216,0.43192705512046814,0.4406735897064209
like many sites if you visit a chosen hotel more than once or twice the price rises!,neutral,positive,0.8833978176116943,0.00988831277936697,0.10671389102935791,0.8833978176116943
amazing experience so far with this. iam being familiar with it.,positive,positive,0.9339157938957214,0.013021043501794338,0.053063228726387024,0.9339157938957214
doesn't save properly half the time and definitely could use some more filters.,negative,neutral,0.49793845415115356,0.4540748596191406,0.49793845415115356,0.0479867085814476
why is the iphone app so much better!,negative,negative,0.5844437479972839,0.5844437479972839,0.36441347002983093,0.05114275962114334
"browser not opening sites, it just ideal.",negative,neutral,0.7191839814186096,0.0657358169555664,0.7191839814186096,0.21508023142814636
"continuous crashing, won't even open now.",negative,negative,0.9685696363449097,0.9685696363449097,0.02349524386227131,0.007935107685625553
they forced me to rate them so i docked a star.,neutral,negative,0.9486768841743469,0.9486768841743469,0.0410509817302227,0.010272194631397724
lame. doesnt work for samsung intercept,negative,negative,0.9406929612159729,0.9406929612159729,0.05183663219213486,0.007470354903489351
of mice and man,negative,neutral,0.3843283951282501,0.32945516705513,0.3843283951282501,0.28621646761894226
only thing missing is custom notification,positive,positive,0.6161512136459351,0.030774295330047607,0.3530745208263397,0.6161512136459351
video cant open after click tha video,negative,negative,0.9019976854324341,0.9019976854324341,0.08845268934965134,0.009549607522785664
weather animation has stopped and will not start. has been off nearly <number> weeks.,negative,negative,0.765787661075592,0.765787661075592,0.19299405813217163,0.04121825098991394
"i just came here because this app was featured on silicon valley, looks like a great app with an attractive interface.",positive,positive,0.8725339770317078,0.030784718692302704,0.09668134152889252,0.8725339770317078
it's okay except for i have a lg phone and it doesn't work that well with the lg phone,positive,neutral,0.8421061038970947,0.022127456963062286,0.8421061038970947,0.1357664167881012
cannot open or detect image file imported from nikon <number> j <number> camera which has .jpeg <url> i had to convert it first or use another photo app editing and save <url> so lightroom could detect the file <url>,neutral,negative,0.5209197998046875,0.5209197998046875,0.44447091221809387,0.03460925072431564
having trouble downloading the app,negative,neutral,0.6603034138679504,0.28668782114982605,0.6603034138679504,0.05300882086157799
i can't sent it through my messages to my contacts. only through facebook and that is absolutely ridiculous. this app sucks,negative,negative,0.9663030505180359,0.9663030505180359,0.02693159505724907,0.006765351630747318
very quickly reservation done.,positive,positive,0.8760406374931335,0.019488027319312096,0.104471355676651,0.8760406374931335
<salutation> please give setting to turn it off,negative,neutral,0.5024736523628235,0.10264229029417038,0.5024736523628235,0.3948840796947479
fantastic app to track lighting! the rest of the app is the same as any other really. but in fairness i do not use the rest of the app.,positive,positive,0.5054478645324707,0.030228568241000175,0.46432358026504517,0.5054478645324707
service is good but app is not much android oriented,neutral,neutral,0.8350500464439392,0.03989402949810028,0.8350500464439392,0.1250559389591217
this app is better,neutral,neutral,0.5283166170120239,0.14726856350898743,0.5283166170120239,0.3244148790836334
the improvement are a lot better but it would be nice to be able to send large mp <number> or mp <number> files via bbm.,positive,neutral,0.5240463614463806,0.01359372865408659,0.5240463614463806,0.4623599648475647
viuggg hang with my life in your help me a lot and then you have any attachments may contain information contained herein including attachments if it would love the way i will have been sent me a new one day i was thinking about my life in your,positive,positive,0.7695927023887634,0.035271529108285904,0.19513577222824097,0.7695927023887634
can't get to work for motorola droid,negative,negative,0.9095562696456909,0.9095562696456909,0.07990948110818863,0.010534330271184444
bad for the aap is hanging,neutral,negative,0.9537326693534851,0.9537326693534851,0.03812562674283981,0.008141731843352318
its really <url> though remove the trial days remaining,positive,neutral,0.6471108794212341,0.0962178111076355,0.6471108794212341,0.256671279668808
horrible radar. constant storm alerts with no storms around,negative,negative,0.9612659215927124,0.9612659215927124,0.031108582392334938,0.007625531870871782
cool idea pain da butt to use then at times wont work <url>,negative,neutral,0.7484111189842224,0.1077234074473381,0.7484111189842224,0.1438654363155365
new update v <number> . <number> crashes all the time,positive,negative,0.9223737120628357,0.9223737120628357,0.06680228561162949,0.010824019089341164
"it's okay (at least, freebies now included) <url>",neutral,neutral,0.7673629522323608,0.013464749790728092,0.7673629522323608,0.21917231380939484
only <number> stars since it will not let me delete any files. please fix.,neutral,neutral,0.6193420886993408,0.21960009634494781,0.6193420886993408,0.16105787456035614
does what it is supposed to do and does it well.,positive,positive,0.7431151866912842,0.015792589634656906,0.24109219014644623,0.7431151866912842
"very useful, but has a few annoyances",positive,positive,0.6071558594703674,0.01097701583057642,0.3818671405315399,0.6071558594703674
can't download <url>,negative,negative,0.753779947757721,0.753779947757721,0.23015066981315613,0.016069384291768074
"generally a good pdf viewer. i love the reading mode that reflow text and adjust font for better reading experience. the only problem, or i should call it a bug, is that it seems like this mode hates to see <number> letters ""f"" & ""i"" being together. for words like ""find"", ""first"", ""prefix"", etc. you will see only ""nd"", ""rst"", ""prex"", etc.",positive,positive,0.8754361867904663,0.008402503095567226,0.11616133898496628,0.8754361867904663
no support for paid ad-free version,neutral,negative,0.846404492855072,0.846404492855072,0.12630650401115417,0.02728899009525776
i like this app,positive,positive,0.8847622871398926,0.012774063274264336,0.10246371477842331,0.8847622871398926
used to use it for studying but after reacent update it won't open. please fix,neutral,negative,0.6238217353820801,0.6238217353820801,0.3287108838558197,0.04746738076210022
last update is a disaster,negative,negative,0.955003559589386,0.955003559589386,0.034629374742507935,0.010367076843976974
would be better if emoji's didn't disappear when new ones are added,neutral,neutral,0.6380854249000549,0.016856206580996513,0.6380854249000549,0.34505829215049744
good for basic stuff,neutral,positive,0.5374997854232788,0.012041323818266392,0.450458824634552,0.5374997854232788
fun but android needs more options!!,neutral,positive,0.6370411515235901,0.012217339128255844,0.35074150562286377,0.6370411515235901
"the usual mediocre bare bone pdf reader from adobe, totally lacking in functionality. repligo reader is better",negative,neutral,0.6388006806373596,0.28107473254203796,0.6388006806373596,0.08012455701828003
stays open in background,negative,neutral,0.6270086765289307,0.2669740915298462,0.6270086765289307,0.10601727664470673
it's actually helpful.,positive,positive,0.5199397206306458,0.011539255268871784,0.46852102875709534,0.5199397206306458
good enough and satisfied result <url> its quite good aap,neutral,positive,0.6593117713928223,0.009317965246737003,0.3313703238964081,0.6593117713928223
why songs are not downloading from the websites. there is always showing error. whenever i download some song. pls fix this bugg,neutral,neutral,0.6134334802627563,0.30852964520454407,0.6134334802627563,0.07803686708211899
booking is simple and straight forward.,positive,neutral,0.5039486885070801,0.03699047118425369,0.5039486885070801,0.4590608775615692
"a really good and practical app, however like every other app it still has room for improvement!",positive,positive,0.8583429455757141,0.0076230308040976524,0.13403397798538208,0.8583429455757141
excellent pdf viewer rendered unusable by the inability to jump to a page and by the fact that it doesn't remember where you were or bookmarks.,negative,positive,0.5459380149841309,0.0169969629496336,0.4370650351047516,0.5459380149841309
good site but still faceing issue with hotel even we confirm through app,positive,neutral,0.5664101243019104,0.017200622707605362,0.5664101243019104,0.41638922691345215
it took forever to download,neutral,negative,0.4733469784259796,0.4733469784259796,0.4579433798789978,0.06870965659618378
i've started using the lightroom camera to take all my photos in raw (dng) and i've noticed today that while out at <number> : <number> on <number> / <number> / <number> and taking pictures the time and date stamp on the images says <number> : <number> <number> / <number> / <number> . what's all that about? i can't change it so where does it get it's info from? also the preview does not show the correct colour. it does when using the slider but as soon as i let it go the image reverts back to a almost black and white.,neutral,neutral,0.7644619345664978,0.149061918258667,0.7644619345664978,0.08647617697715759
it's cute for younger people but i use it some. i'm <number> yrs old.,positive,positive,0.7355772852897644,0.010194545611739159,0.2542281746864319,0.7355772852897644
"i had login throught google + <url> but i changed my mind and wanted to login through <url> so, i logged out !!! now, i cannot login back. the app is going back to registration page with the option to login to facebook !!! please look into the solution for this !",neutral,negative,0.908363401889801,0.908363401889801,0.07786791771650314,0.013768667355179787
please could we have the option to install to sd card. what is the point in having a large sd card if it doesn't even get used,negative,neutral,0.665361225605011,0.047665566205978394,0.665361225605011,0.2869732081890106
wont open at all,negative,negative,0.9419320821762085,0.9419320821762085,0.048971351236104965,0.00909658893942833
good stickers allow users to express better. how come i cannot use bbm calls?,neutral,positive,0.7336609959602356,0.008864274248480797,0.25747478008270264,0.7336609959602356
why pr have no radar????,negative,neutral,0.5468690991401672,0.3714843988418579,0.5468690991401672,0.08164649456739426
before it can connect even the signal is weak now it needs more signal to connect,neutral,neutral,0.4870617985725403,0.42462629079818726,0.4870617985725403,0.08831189572811127
radar maps are all wrong,negative,negative,0.8897054195404053,0.8897054195404053,0.09385368227958679,0.016440849751234055
it is fast downloading app,positive,positive,0.8705064058303833,0.01023407094180584,0.11925949156284332,0.8705064058303833
make it a zoo or fish tank,positive,positive,0.7520153522491455,0.021380621939897537,0.22660407423973083,0.7520153522491455
waah!!! so nice app,positive,positive,0.8742825984954834,0.010371051728725433,0.11534630507230759,0.8742825984954834
why pay that price for tablet use,negative,negative,0.7050013542175293,0.7050013542175293,0.24887694418430328,0.04612172394990921
good bit doesn't have the choices in search section for type of rooms such as not-smoking or soundproof ones or double-room etc.,positive,neutral,0.8467838764190674,0.044908083975315094,0.8467838764190674,0.10830801725387573
too slow at times,neutral,neutral,0.7434791326522827,0.14932410418987274,0.7434791326522827,0.1071968600153923
it's very easy to use and all types of format documents easily opened,positive,positive,0.9068009853363037,0.013123424723744392,0.08007565140724182,0.9068009853363037
can not sign in,negative,negative,0.9205341935157776,0.9205341935157776,0.06621915847063065,0.013246743939816952
it makes team communication highly open and accessible,positive,positive,0.9306442737579346,0.010362420231103897,0.058993320912122726,0.9306442737579346
when message is being sent it takes time to be received,neutral,neutral,0.7191963195800781,0.17599213123321533,0.7191963195800781,0.10481162369251251
pretty accurate for the most part i think,positive,positive,0.907354474067688,0.006757830269634724,0.08588772267103195,0.907354474067688
spark is about the only good thing,neutral,positive,0.5015103816986084,0.06437836587429047,0.43411126732826233,0.5015103816986084
broke the upload photo feature,negative,negative,0.7167519927024841,0.7167519927024841,0.2417185753583908,0.041529398411512375
best app but suggest download stop,positive,positive,0.6275618672370911,0.012858103960752487,0.35958001017570496,0.6275618672370911
some hotels are a bit shady,neutral,neutral,0.7955641150474548,0.06812667846679688,0.7955641150474548,0.1363091915845871
its fun to see you're own emoji !,neutral,positive,0.8070487380027771,0.010305175557732582,0.18264614045619965,0.8070487380027771
its not so great as i expected it to be,neutral,neutral,0.846461832523346,0.05119258537888527,0.846461832523346,0.1023455262184143
keeps going down n the ads r anoying,negative,neutral,0.5215038657188416,0.4197511076927185,0.5215038657188416,0.05874501168727875
it was good enough until i can't change my display picture,negative,neutral,0.7113679051399231,0.04146788641810417,0.7113679051399231,0.24716414511203766
it's a trial. editing feature not impressive.,positive,neutral,0.6765900254249573,0.2250450849533081,0.6765900254249573,0.0983649492263794
love it <url> great job <url>,neutral,positive,0.7930850386619568,0.059443455189466476,0.14747150242328644,0.7930850386619568
used to be good,negative,negative,0.7813798189163208,0.7813798189163208,0.18539565801620483,0.03322449326515198
very good and useful app,positive,positive,0.9347496628761292,0.01024362538009882,0.05500675365328789,0.9347496628761292
"the app will no longer let me delete locations. uninstalled, and reinstalled and they are still there. frustrating.",neutral,negative,0.9525761008262634,0.9525761008262634,0.0397784523665905,0.007645482197403908
"buggy, ambigue and less features",negative,neutral,0.738812267780304,0.10709495842456818,0.738812267780304,0.1540927141904831
"this has helped my productivity a lot. i've only recently started experiencing issues with it. before, the app used to count extra time i went without using my phone even after the <number> min mark. it was really gratifying to see how much longer i was able to last + it contributed to my forest and my overall focus count. but now it isn't doing that? so it kind of discourages me from continuing to work past the sound of the timer even if i feel like i could. if it's possible, please do something about that.",neutral,neutral,0.66461181640625,0.09282436221837997,0.66461181640625,0.2425638735294342
"zooming slow, okay otherwise",neutral,neutral,0.8454540967941284,0.027762310579419136,0.8454540967941284,0.12678365409374237
"fix zoom in attached images! it doesn't work first <number> seconds the image open, and for gif it doesn't work at all. and is that tat hard to add rotation you've ""planned to add"" a year ago? where's a font size setting or guesture scale sor chat?",neutral,neutral,0.6578572988510132,0.2762436866760254,0.6578572988510132,0.06589905172586441
when will the local adjustments tool be disponible for android users?? hope it's included on the next actualization !!,positive,neutral,0.5538190603256226,0.04986952990293503,0.5538190603256226,0.3963114023208618
just started using it !,positive,negative,0.3799605667591095,0.3799605667591095,0.3222113251686096,0.29782813787460327
so cute. wish it were easier to access via other apps,positive,positive,0.7339946627616882,0.02032405696809292,0.24568119645118713,0.7339946627616882
really like the way this app has evolved from it's first version. please add android wear notification service asap. its really easy to add and people are badly missing it.,positive,positive,0.8891049027442932,0.01234404556453228,0.09855103492736816,0.8891049027442932
"good on mobile devices ,simply good on move",positive,positive,0.6116227507591248,0.010903296992182732,0.3774738907814026,0.6116227507591248
need to avoid unwanted ads and also enhance the downloading speed. overall nice app.,positive,positive,0.8836130499839783,0.0067187766544520855,0.10966820269823074,0.8836130499839783
"i really like this app and is what i go to when i start loosing concentration. i wish there were more stats and plant types, also more beautifully animated and things that change <url>",positive,positive,0.9347860217094421,0.008821472525596619,0.05639248341321945,0.9347860217094421
was <url> now radar broken,negative,negative,0.9485998749732971,0.9485998749732971,0.03842046111822128,0.01297964807599783
booking bait and switch,negative,negative,0.9014289975166321,0.9014289975166321,0.07959011197090149,0.01898089610040188
this seems like it would be cool,negative,neutral,0.7188125848770142,0.018869414925575256,0.7188125848770142,0.2623180150985718
cannot see my photo's on device,negative,negative,0.7707744240760803,0.7707744240760803,0.2136477679014206,0.015577694401144981
so far so good!! i love it.,positive,positive,0.879737913608551,0.013973613269627094,0.10628847032785416,0.879737913608551
"such an intrusive browser, coming from china. it can't be trusted with your online activities. indians, be aware.",negative,negative,0.8621326088905334,0.8621326088905334,0.11894387751817703,0.018923519179224968
hi i download this app he is the very good app,positive,positive,0.8643144369125366,0.017241468653082848,0.11844412237405777,0.8643144369125366
where is the download process,positive,neutral,0.6226664781570435,0.1460224837064743,0.6226664781570435,0.23131100833415985
brill so easy to use,positive,positive,0.7746549248695374,0.01909639500081539,0.2062487006187439,0.7746549248695374
the app isn't working on the note <number> . i'll update my review if/when it works.,negative,negative,0.5422306060791016,0.5422306060791016,0.4163919985294342,0.04137735813856125
"""you have cancelled your entire <url> ""???",negative,negative,0.9352107048034668,0.9352107048034668,0.05000422149896622,0.014785189181566238
it good for local german reports nearly as good as <url>,positive,positive,0.6971408724784851,0.008134971372783184,0.29472413659095764,0.6971408724784851
does what i need it to,neutral,positive,0.8480562567710876,0.018622441217303276,0.13332127034664154,0.8480562567710876
it's good for communication,neutral,positive,0.7492791414260864,0.00823307130485773,0.24248778820037842,0.7492791414260864
it sometimes sends the wrong <url>,neutral,neutral,0.5592285990715027,0.3704630732536316,0.5592285990715027,0.07030840218067169
please add the feature of sharpen and blur,neutral,positive,0.6280345916748047,0.018158741295337677,0.35380667448043823,0.6280345916748047
notifications aren't working???,positive,negative,0.5711085200309753,0.5711085200309753,0.3799002170562744,0.04899127408862114
lag while zoom in/out,positive,neutral,0.6785488128662109,0.16356970369815826,0.6785488128662109,0.1578814834356308
had some slowness issues?,positive,neutral,0.7677305340766907,0.0658893883228302,0.7677305340766907,0.16638003289699554
awesome app one of the <signature>,positive,positive,0.9327338337898254,0.013725578784942627,0.053540535271167755,0.9327338337898254
it does great and gives accurate weather information,positive,positive,0.9392603039741516,0.007724910043179989,0.05301475152373314,0.9392603039741516
bogus . there are several aps much useful,negative,neutral,0.6640269756317139,0.06281793862581253,0.6640269756317139,0.2731550931930542
'no notifications' doesn't work.,negative,negative,0.9069250822067261,0.9069250822067261,0.08007465302944183,0.01300024800002575
great app for managing hotel reservations on the go. it's also nice to earn rewards for frequent stays. i think this is the <signature>,positive,positive,0.9426082968711853,0.008589079603552818,0.048802636563777924,0.9426082968711853
app keeps crashing. unable to open after latest update.,positive,negative,0.9606562852859497,0.9606562852859497,0.032330699265003204,0.007013085298240185
always update but nothing improve,neutral,neutral,0.7939475178718567,0.06549036502838135,0.7939475178718567,0.14056220650672913
"great concept, poor implementation",neutral,negative,0.9390988945960999,0.9390988945960999,0.05036187544465065,0.010539226233959198
contact picture not show.,negative,negative,0.5577133893966675,0.5577133893966675,0.39125943183898926,0.05102717876434326
canon cr <number> support please,neutral,neutral,0.6391931772232056,0.1590331345796585,0.6391931772232056,0.20177370309829712
this thing is a trap! it will take your money,negative,negative,0.9627852439880371,0.9627852439880371,0.02726275660097599,0.009952085092663765
"the icon re-design is a tremendous eye-sore more fit to be the face of a pharmaceutical firm, and they didnt put any extra effort into making the app on any of the platforms, leaving gaps in design. no dark mode, no voip, no collapsing the sidebar on ios or windows. i use it because my friends do.",negative,neutral,0.5291698575019836,0.39623796939849854,0.5291698575019836,0.07459212839603424
"just need an option to mute notifications (some of us work different timezones and like sleep), other than that it works pretty well!",positive,positive,0.7242416739463806,0.007962496019899845,0.2677958309650421,0.7242416739463806
good for net work download,positive,positive,0.5737227201461792,0.01110989972949028,0.41516730189323425,0.5737227201461792
i want this feature,positive,positive,0.6699509620666504,0.045004650950431824,0.2850443720817566,0.6699509620666504
content rating: low maturity,positive,neutral,0.7253493666648865,0.1944049447774887,0.7253493666648865,0.0802457258105278
this application doesn't work in my handphone,negative,negative,0.9520261287689209,0.9520261287689209,0.040649328380823135,0.007324544247239828
slack chat is good,positive,neutral,0.6124971508979797,0.015481648966670036,0.6124971508979797,0.3720211386680603
i find the user experience superior to other apps.,positive,positive,0.7396873831748962,0.017267031595110893,0.24304556846618652,0.7396873831748962
"great app, needs better ui on reviews",neutral,positive,0.8991645574569702,0.010572369210422039,0.09026312083005905,0.8991645574569702
great new camera in-app,positive,positive,0.8605343699455261,0.054573383182287216,0.08489227294921875,0.8605343699455261
would be <number> <url>,negative,neutral,0.5896444320678711,0.07703567296266556,0.5896444320678711,0.33331987261772156
it's a good application,neutral,positive,0.7454462051391602,0.007756663952022791,0.24679718911647797,0.7454462051391602
"five star service, two star app",negative,positive,0.5232967138290405,0.18678906559944153,0.28991422057151794,0.5232967138290405
everytime my phone went on sleep it killed the tree and became completely pointless because i would've had to tap my phone every <number> seconds to keep it from locking and killing the tree.,negative,negative,0.9666295051574707,0.9666295051574707,0.0268422681838274,0.006528159603476524
bbm isnt the <signature>,neutral,neutral,0.48464807868003845,0.45022180676460266,0.48464807868003845,0.06513011455535889
can you please give a little speed more on download,neutral,positive,0.6512183547019958,0.013226676732301712,0.33555495738983154,0.6512183547019958
need support for .cr <number> format,positive,neutral,0.5939849019050598,0.033488932996988297,0.5939849019050598,0.3725261390209198
"unecessarily complicated and cumbersome. it's so difficult to create new workspaces and move people from one to another. if you don't have someone's email address memorized, good luck! this app has a long way to go to be truly useful every day. in addition to the above, notifications are a bit of a nightmare. i've missed out on a lot of critical messages because notifications just don't work when they need to. i've run out of room for feedback but i could go <url>",negative,neutral,0.7912027835845947,0.11405866593122482,0.7912027835845947,0.09473849087953568
i'm surprised hdr is not supported on the huawei nexus <number> p. i realize it is isn't as new as the pixels but it's still a pretty fast phone.,neutral,neutral,0.6297743916511536,0.02651848830282688,0.6297743916511536,0.3437071144580841
where is the bookmarks?,neutral,neutral,0.6182264685630798,0.28552666306495667,0.6182264685630798,0.09624683111906052
"love this app, developers have been brilliant at fixing bugs and the feedback system is great!",neutral,positive,0.9110859632492065,0.021912530064582825,0.06700155138969421,0.9110859632492065
i want to give this app <number> <url>,negative,negative,0.8817257285118103,0.8817257285118103,0.09522857517004013,0.023045694455504417
cant even sign in or sign up,negative,negative,0.9594747424125671,0.9594747424125671,0.03333321213722229,0.007192022632807493
"very nice weather app. would like to see more detail on air quality, pollen, etc",positive,positive,0.9259920120239258,0.0075059374794363976,0.06650209426879883,0.9259920120239258
simple to use. nice option to search via map,positive,positive,0.7954055666923523,0.008526076562702656,0.19606837630271912,0.7954055666923523
what a huge step backwards for useability.,negative,positive,0.49018537998199463,0.21216048300266266,0.2976541221141815,0.49018537998199463
it is what it is!,neutral,neutral,0.3675747513771057,0.26835399866104126,0.3675747513771057,0.364071249961853
"+pinch zoom, +++reflow text, --render speed on scroll, ---should find all pdf including dowloaded by browser, --no search, ---no images in reflow",negative,negative,0.783602774143219,0.783602774143219,0.19203153252601624,0.024365663528442383
this app keeps killing my tree whenever i off my <url> this is so bad. i ended up kore time restarting the timer.,negative,negative,0.9466421604156494,0.9466421604156494,0.044955868273973465,0.008401906117796898
website offers better and more search options.,negative,positive,0.593544602394104,0.056103382259607315,0.350352019071579,0.593544602394104
i love this browser,positive,positive,0.462529718875885,0.25216177105903625,0.2853085696697235,0.462529718875885
not always perfectly accurate. i like the hourly forecast.,positive,positive,0.7853115797042847,0.010155846364796162,0.20453257858753204,0.7853115797042847
mobile notifications not working,neutral,negative,0.7264552712440491,0.7264552712440491,0.20541362464427948,0.06813103705644608
cannot unlock password protected ebooks. can't even interact with links or buttons. worthless for password protected ebooks.,negative,negative,0.9639533162117004,0.9639533162117004,0.02898818626999855,0.007058504968881607
this app is an nice good for everything i need but they are problems u must fix,positive,positive,0.8123297095298767,0.008399791084229946,0.17927046120166779,0.8123297095298767
getting worse than before,neutral,negative,0.8431625366210938,0.8431625366210938,0.1340077817440033,0.022829696536064148
it's easier and efficient,positive,positive,0.8628055453300476,0.008192736655473709,0.1290016621351242,0.8628055453300476
"what the mobile developers do not understand is: do not ever ever change the application icon! the icon shape and color are used to quickly identify an app between other dozen apps. that's how the brain works! moreover, an update only for the app icon? where is the video recording option? i use slack daily (it's the main chat / video conferencing solution where i work) and you can simply cannot record meetings!",negative,negative,0.5533071756362915,0.5533071756362915,0.39809882640838623,0.04859395697712898
"cute and accurate, but no long hair",neutral,neutral,0.5136875510215759,0.012338208965957165,0.5136875510215759,0.4739742875099182
used to work. not anymore,negative,negative,0.9304679036140442,0.9304679036140442,0.05989570543169975,0.00963643379509449
an outstanding way of communication with the team.,positive,positive,0.9443114995956421,0.009989656507968903,0.04569884389638901,0.9443114995956421
internet is better than this because,neutral,neutral,0.6809088587760925,0.09989885240793228,0.6809088587760925,0.2191922813653946
"sucks. force close, pdf never opens. htc hero.",negative,negative,0.9688883423805237,0.9688883423805237,0.024289971217513084,0.006821701768785715
"i like it just wish tht we had more choices for the avatar and the body shapes were more womenly, besides that i think it's great!",neutral,positive,0.8553263545036316,0.008052130229771137,0.13662151992321014,0.8553263545036316
was great when it worked,negative,negative,0.7925399541854858,0.7925399541854858,0.18197737634181976,0.02548268996179104
update has ruined functionality. now difficult to search rooms for <number> people etc. terrible terrible terrible!,negative,negative,0.9707663059234619,0.9707663059234619,0.022189898416399956,0.007043829187750816
would like it better if you could use this app in fb <url>,neutral,positive,0.5248627066612244,0.018240222707390785,0.4568970203399658,0.5248627066612244
great app with potential.,positive,positive,0.9358951449394226,0.011918030679225922,0.05218685790896416,0.9358951449394226
handles small pdf files really well. needs bookmarks.,neutral,positive,0.7486542463302612,0.014202035963535309,0.23714369535446167,0.7486542463302612
why not a mobile web version ??!!?!,negative,negative,0.5702607035636902,0.5702607035636902,0.39090657234191895,0.038832735270261765
"i love this app, the ui is nice and smooth, no bugs what-so-ever, and it knows when i press the home button and enter another app. (turn on advanced something in the settings) looks very smooth, and it works as it should! the problem is, i can't lock my phone without killing the tree, and it wastes the battery. that's pretty much my only complaint! (i'm fairly new to the app, and i heard that when your forest gets full, that you can't put in anymore trees. if so, please let the forest expand as well.)",positive,positive,0.8113498687744141,0.013848080299794674,0.1748020052909851,0.8113498687744141
i was addicted to game and other stuff my personal work ratio was too down and this app really help <url> !,positive,negative,0.8275038599967957,0.8275038599967957,0.1514725387096405,0.02102353237569332
stuck in update mode,negative,negative,0.6501564383506775,0.6501564383506775,0.3189205527305603,0.030923079699277878
while downloading music it goes to play store .,neutral,neutral,0.6550983786582947,0.2744481563568115,0.6550983786582947,0.0704534724354744
can't append it to sd card when updated in htc wildfire,negative,neutral,0.5243512988090515,0.44053080677986145,0.5243512988090515,0.03511785715818405
free emoticons are <url> good,neutral,neutral,0.713331401348114,0.02158222533762455,0.713331401348114,0.26508641242980957
"i could plant the tree while watching youtube , no different than clash of clans",negative,positive,0.5759843587875366,0.0631871148943901,0.3608285188674927,0.5759843587875366
bbm cant connect properly,negative,negative,0.9216282963752747,0.9216282963752747,0.06747224181890488,0.010899577289819717
"it would be cooler if you could mix and match the pants, shoes, shirts, jackets, etc. instead of having to choose from predetermined outfits. i want to make my own outfit!",positive,positive,0.6868525147438049,0.011962241493165493,0.3011851906776428,0.6868525147438049
"works fine, too many ads",positive,positive,0.6484391093254089,0.02047562785446644,0.331085205078125,0.6484391093254089
they okay good on the <number> day forecast.!,neutral,neutral,0.5252647995948792,0.010984823107719421,0.5252647995948792,0.463750422000885
"when it works, it's good. but far too many crashes on my galaxy tab s <number> .",neutral,neutral,0.7430000305175781,0.015146376565098763,0.7430000305175781,0.24185359477996826
terrible it now no longer works the way it used to. it was the <signature>,negative,negative,0.9685172438621521,0.9685172438621521,0.024191252887248993,0.0072915684431791306
push notifications not reliable,positive,neutral,0.6479968428611755,0.2531762421131134,0.6479968428611755,0.09882687032222748
went out and can't access it ny more. what happened. says i have <number> go thru fb or my email and i have <number> sign up and in wen i've been using it <number> the past <number> months. what happened!,neutral,negative,0.9555355906486511,0.9555355906486511,0.0370311364531517,0.007433213759213686
to set a profile picture is very frustrating as the current set up/method cuts out most of the picture. this really should be adjusted.,neutral,neutral,0.8115828633308411,0.07984645664691925,0.8115828633308411,0.10857060551643372
i liked <url> this is very useful,positive,positive,0.8491699695587158,0.014359223656356335,0.13647080957889557,0.8491699695587158
if your not using this to book your loosing out,neutral,negative,0.7426377534866333,0.7426377534866333,0.19378580152988434,0.06357640773057938
"the app keeps asking me to rate it despite me constantly telling it ""no"" so i'm rating it <number> star out of spite and partially because they don't actually follow the choices they give you.",negative,neutral,0.501453697681427,0.4271591603755951,0.501453697681427,0.0713871568441391
"uc browser is a fantastic browser application. the team behind the creation of this application have all done a wonderful job. keep it up as you continue to improve upon this great application. however, i wish to suggest that option to be able to send applications in speed mode { facebook, twitter etc} to phone desktop/home screen be incorporated into this application. secondly, make it possible to be able to select and set desired audio file as alert tones for applications like facebook etc. we therefore look forward to seeing these options in your next update sir. <signature>",neutral,positive,0.9007232189178467,0.01427023857831955,0.08500660955905914,0.9007232189178467
"battery drain, battery drain, battery drain",negative,negative,0.8735498189926147,0.8735498189926147,0.10683780163526535,0.019612429663538933
won't open raw files,negative,negative,0.9341848492622375,0.9341848492622375,0.05776609480381012,0.008049052208662033
force closes on samsung moment w/android v <number> . <number>,negative,negative,0.7711080312728882,0.7711080312728882,0.17931871116161346,0.04957329481840134
not as good as desktop app .too slow while navigaring to different channels amd personal chats.,neutral,neutral,0.7307004332542419,0.21226216852664948,0.7307004332542419,0.05703747645020485
weather is nice and shows precipitation also,positive,positive,0.7014263868331909,0.011216209270060062,0.2873574197292328,0.7014263868331909
"won't let me add locations, other than that, works well.",neutral,neutral,0.5681183934211731,0.026091868057847023,0.5681183934211731,0.40578970313072205
note <number> <url> of nov <number> th.,negative,neutral,0.5917257070541382,0.17236211895942688,0.5917257070541382,0.23591217398643494
rooms sold not always available,neutral,neutral,0.5079115629196167,0.42412883043289185,0.5079115629196167,0.06795962899923325
please add a feature!,neutral,positive,0.6511580944061279,0.03527173772454262,0.31357014179229736,0.6511580944061279
so many ads r coming i hate this app,negative,negative,0.9530630111694336,0.9530630111694336,0.04038779065012932,0.006549162324517965
it does what it's supposed to.,positive,neutral,0.6508176326751709,0.050062209367752075,0.6508176326751709,0.29912012815475464
it really sucks that disabling wysisyg in the settings does not work. i want my input freedom.,negative,negative,0.8601846694946289,0.8601846694946289,0.12419606745243073,0.015619158744812012
it's a decent app,positive,neutral,0.5328918099403381,0.01277561578899622,0.5328918099403381,0.4543325901031494
have issue on redmi note <number>,neutral,neutral,0.6976279020309448,0.19648709893226624,0.6976279020309448,0.10588496178388596
"i would give it <number> , but it keeps stopping when converting text to pdf",positive,neutral,0.6675209999084473,0.028066186234354973,0.6675209999084473,0.3044129014015198
very good for me,positive,positive,0.90252286195755,0.009768403135240078,0.08770869672298431,0.90252286195755
"app whitelisting doesn't work, everything works fine when whitelisting is turned off (tree withers when i exit the app) but when it's on, i can access any app without the tree dying, not just the whitelisted ones. i've also turned on the advanced detection mode, does not help.",neutral,neutral,0.8012993335723877,0.11943723261356354,0.8012993335723877,0.07926350086927414
"this ""use"" to be the greatest weather app right up until <url> latest update froze radar animation and i don't get alerts until i open the app. deleting and going to find a better app.",negative,negative,0.9337671995162964,0.9337671995162964,0.05357254296541214,0.012660283595323563
"it does its job, but asking each time to rate the app is infuriating",neutral,neutral,0.7315080165863037,0.02436361089348793,0.7315080165863037,0.24412833154201508
my weatherbug now tells me im <number> towns away. reported <url> they told me i was dumb basically.,negative,negative,0.9147170782089233,0.9147170782089233,0.07094679772853851,0.014336124993860722
crude humor supports the deteriorating morals of society. not acceptable,negative,negative,0.47704580426216125,0.47704580426216125,0.4703027009963989,0.05265156552195549
after installed the browser <url> phone will hang and some unwanted program to be automatically <url> will affect on <url>,negative,negative,0.7597874402999878,0.7597874402999878,0.21344208717346191,0.026770466938614845
some update or something makes this wonderful app crash. please remedy the issue!!!,neutral,positive,0.7540413737297058,0.030014866963028908,0.21594378352165222,0.7540413737297058
love it but easy on the ads pls,positive,positive,0.6881185173988342,0.014847188256680965,0.29703423380851746,0.6881185173988342
"for all those whose trees are not withering, turn off whitelist mode",neutral,positive,0.6043373942375183,0.10008344054222107,0.29557913541793823,0.6043373942375183
"i really enjoy this app, it's been quite helpful. however, though it counts the time you exceed the preset goal you don't get any extra trees/bushes. this means that i sometimes go over my time focus goal, but only see one lonely tree for my efforts. good bit of a bummer. otherwise, love the app.",positive,positive,0.8700912594795227,0.007328782230615616,0.12257996201515198,0.8700912594795227
not as accurate at weather channel but i like that i can choose the radar location.,positive,positive,0.8467704653739929,0.007960116490721703,0.14526940882205963,0.8467704653739929
i prefer the blackberry version to the android version. or maybe i've not discovered all the tricks here.,neutral,positive,0.5708078145980835,0.023753397166728973,0.4054388105869293,0.5708078145980835
great! so much potential!,positive,positive,0.9180387854576111,0.021050451323390007,0.06091071665287018,0.9180387854576111
can't use bbm after update,negative,negative,0.6153990626335144,0.6153990626335144,0.36018988490104675,0.024411030113697052
on getting the latest update the app stopped working all of a sudden. i use samsung galaxy s <number> . please see what has gone wrong. i tried reinstalling the app too. didn't work.,negative,negative,0.9470303058624268,0.9470303058624268,0.04328462481498718,0.009685052558779716
very very slow even on nexus one,negative,negative,0.8048407435417175,0.8048407435417175,0.17324262857437134,0.021916575729846954
like the old version better,positive,neutral,0.6749985814094543,0.056641098111867905,0.6749985814094543,0.26836031675338745
stop asking me to rate every time i launch the app.,negative,negative,0.6522921323776245,0.6522921323776245,0.3046386241912842,0.0430692657828331
lots of force closes on galaxy s.,negative,negative,0.7466853260993958,0.7466853260993958,0.22214068472385406,0.031174005940556526
needs more of the core lightroom features,neutral,neutral,0.6989480257034302,0.033227190375328064,0.6989480257034302,0.2678247094154358
"great app, just a few things that need addressed. i can no longer ""purchase"" additional trees and i have the $. it says forbidden after taking a while to load. i've uninstalled and reinstalled, running on the most current app and android os <number> . <number> , droid turbo <number> .",neutral,positive,0.8351020812988281,0.02405785396695137,0.14084002375602722,0.8351020812988281
please add live radar widget!,positive,neutral,0.5255200266838074,0.25274619460105896,0.5255200266838074,0.22173379361629486
can't quickly link to specific page or bookmark. sucks. quick office is much better for reading pdfs.,negative,neutral,0.5617741346359253,0.4047297537326813,0.5617741346359253,0.033496156334877014
it dose not let you do anything,negative,negative,0.911793053150177,0.911793053150177,0.07396195083856583,0.014245026744902134
hourly doesn't match the <number> day,neutral,negative,0.8473808169364929,0.8473808169364929,0.1374594122171402,0.01515982486307621
it's a good app,positive,positive,0.6520533561706543,0.008581364527344704,0.33936524391174316,0.6520533561706543
good app edit picture,positive,positive,0.5979709625244141,0.010941833257675171,0.3910871744155884,0.5979709625244141
can't bookmark the page! it's hard to read an e-book and remember the page number. i will delete.,negative,negative,0.5700148344039917,0.5700148344039917,0.407444030046463,0.022541146725416183
use for fast download,positive,positive,0.8130365610122681,0.0275576151907444,0.15940582752227783,0.8130365610122681
used to be the <signature>,negative,negative,0.7086513638496399,0.7086513638496399,0.2506445348262787,0.04070408642292023
better than most. quick and easy,positive,positive,0.9120190739631653,0.007706610485911369,0.08027432858943939,0.9120190739631653
"not fast in sending and receiving messages, the app needs to be worked on.",negative,neutral,0.7671878933906555,0.15847989916801453,0.7671878933906555,0.07433217018842697
local adjustment not appearing,positive,neutral,0.6545455455780029,0.20929962396621704,0.6545455455780029,0.13615478575229645
used to be great,negative,negative,0.8716901540756226,0.8716901540756226,0.10931199789047241,0.01899784430861473
just got it <url> fingers crossed,neutral,positive,0.3908825218677521,0.22804658114910126,0.3810708820819855,0.3908825218677521
best pic editing <url>,positive,positive,0.8910251259803772,0.01114466693252325,0.0978301540017128,0.8910251259803772
no bookmark or jump page. doesnt remember where i was when closed,negative,negative,0.9372302293777466,0.9372302293777466,0.05427519232034683,0.00849455501884222
"good. only complaint is that sometimes the location on my lock screen is not my current location, but a random one from my saved places.",positive,neutral,0.5824734568595886,0.012506651692092419,0.5824734568595886,0.4050198495388031
for the older version,neutral,neutral,0.6086991429328918,0.21242424845695496,0.6086991429328918,0.17887665331363678
"this app is pretty good, but i wish i could use this in my normal keyboard and i hope that it will be animated and have a transparent background",positive,positive,0.7164729237556458,0.00794453639537096,0.27558255195617676,0.7164729237556458
it's very accurate and good,positive,positive,0.9028137922286987,0.006773767527192831,0.09041249006986618,0.9028137922286987
loved it till i got a new phone,negative,negative,0.4706696569919586,0.4706696569919586,0.451261043548584,0.0780692994594574
works ok but crashes when i rotate my archos <number> .,neutral,neutral,0.8478137254714966,0.02868889458477497,0.8478137254714966,0.12349744886159897
bloats <number> megs needs to be movable to <url>,negative,negative,0.5662388205528259,0.5662388205528259,0.3869844377040863,0.04677676782011986
shares the way it wants without permission,negative,neutral,0.5118851661682129,0.16548439860343933,0.5118851661682129,0.3226304352283478
external storage for cache,neutral,neutral,0.655255913734436,0.07746444642543793,0.655255913734436,0.26727962493896484
the radar map is practically useless now,negative,negative,0.9645617008209229,0.9645617008209229,0.027495024725794792,0.007943285629153252
will not select the correct current location.,negative,neutral,0.5794149041175842,0.3698807954788208,0.5794149041175842,0.0507042333483696
cant edit my avatar and cant log in!!,negative,negative,0.9351874589920044,0.9351874589920044,0.057756632566452026,0.007055880036205053
this is worse than what we call pathetic when it comes to mobile app.,negative,negative,0.9559823870658875,0.9559823870658875,0.036140814423561096,0.007876786403357983
updated to make it worst,negative,negative,0.9246903657913208,0.9246903657913208,0.05998299643397331,0.015326662920415401
the trees do not die when i leave the app which is what the app was supposed to do should i have left the app to use other apps like ig or youtube,negative,negative,0.8486911654472351,0.8486911654472351,0.12394188344478607,0.027366934344172478
new version is a major step back,negative,positive,0.5075860619544983,0.12364548444747925,0.36876848340034485,0.5075860619544983
awesome and secure app,positive,positive,0.9251173734664917,0.01973528042435646,0.05514732003211975,0.9251173734664917
awful app. really awful.,negative,negative,0.9686409831047058,0.9686409831047058,0.023436613380908966,0.007922451011836529
would rate <number> <url>,negative,neutral,0.6617052555084229,0.052520427852869034,0.6617052555084229,0.2857743501663208
"makes an incredibly annoying and loud clicking sound through the speakers whenever you take a photo, with no ability to disable it.",neutral,neutral,0.5402969121932983,0.4117852747440338,0.5402969121932983,0.047917816787958145
it's nice but some problems r there,neutral,neutral,0.5777256488800049,0.010283158160746098,0.5777256488800049,0.4119912087917328
have used it for years,positive,positive,0.8201856017112732,0.05430193990468979,0.1255125105381012,0.8201856017112732
hope it supports split screen,positive,neutral,0.5567623972892761,0.019610058516263962,0.5567623972892761,0.4236275255680084
good app to <url> i alwayz prefer uc browser to <url>,positive,positive,0.5930572152137756,0.011163344606757164,0.39577946066856384,0.5930572152137756
some issues but otherwise excellent,positive,positive,0.6749916076660156,0.008765912614762783,0.3162424564361572,0.6749916076660156
"this app is great, allows you to edit raw files, and almost has all the same options as a desktop/laptop version. the only thing i would really love to see is a brush setting, really all it needs for <number> stars in my books!",positive,positive,0.9198331832885742,0.01224055141210556,0.06792623549699783,0.9198331832885742
basic stuff done well,neutral,positive,0.6329011917114258,0.02299061045050621,0.3441082239151001,0.6329011917114258
unfriendly to free users,negative,negative,0.9485328197479248,0.9485328197479248,0.04339055344462395,0.008076668716967106
crashed my phone twice in a row doing nothing more then trying to read a <url>,negative,negative,0.9563094973564148,0.9563094973564148,0.034717243164777756,0.008973275311291218
has become unreliable and very inaccurate. loved it and now will get rid of because of terrible forecasts.,negative,negative,0.9296460151672363,0.9296460151672363,0.06188993528485298,0.008464046753942966
still no group contacts like old bbm,negative,neutral,0.5447410941123962,0.33941468596458435,0.5447410941123962,0.1158442422747612
"slow loading, double notifications",neutral,neutral,0.7501692175865173,0.16418001055717468,0.7501692175865173,0.08565084636211395
i love this app but sometimes it is really lagging.,positive,positive,0.6537929177284241,0.03855852037668228,0.3076484799385071,0.6537929177284241
freezes when opening pdfs. useless. root droid <number> . <number>,negative,negative,0.9647896885871887,0.9647896885871887,0.028262782841920853,0.0069474950432777405
"really nice app ,with grt way to analyse yr productivity",positive,positive,0.899000883102417,0.008110309019684792,0.09288882464170456,0.899000883102417
great but one major problem,positive,positive,0.8548325896263123,0.015081547200679779,0.13008588552474976,0.8548325896263123
this program needs to be able to jump to specific pages in the pdf. i have a <number> page set of blueprints in need to access multiple times daily. fix,negative,negative,0.5026143789291382,0.5026143789291382,0.4490278363227844,0.04835779592394829
something went wrong before i could access this app. immediately <url> viruses needed.,negative,negative,0.9266288876533508,0.9266288876533508,0.06027904897928238,0.01309205312281847
last update problem when search number adults,negative,neutral,0.6307706832885742,0.2553226947784424,0.6307706832885742,0.113906629383564
very good app very easy,positive,positive,0.9223793745040894,0.008376729674637318,0.06924386322498322,0.9223793745040894
it's good app and doesn't contain virus,positive,positive,0.620543897151947,0.008358229883015156,0.3710978329181671,0.620543897151947
please add widgets for slack,positive,positive,0.6307652592658997,0.03305140137672424,0.3361833393573761,0.6307652592658997
add hdr support for htc <number> please!,neutral,positive,0.5802815556526184,0.03729977458715439,0.382418692111969,0.5802815556526184
"suddenly it's killing all my trees it's was working perfectly, but now i keep getting a ""unknown app'",negative,neutral,0.7087060809135437,0.12026157975196838,0.7087060809135437,0.17103226482868195
well <url> you need access to my files and my camera ? looks like an insecure joke. i 'll install once we are back to serious.,negative,neutral,0.6889916062355042,0.225759819149971,0.6889916062355042,0.08524852246046066
this app is <url> not as expected,negative,neutral,0.4915381073951721,0.422861248254776,0.4915381073951721,0.08560062944889069
please add remind me option,neutral,positive,0.5976316928863525,0.02369615063071251,0.37867212295532227,0.5976316928863525
"original user interface, very usable.",positive,neutral,0.5821065902709961,0.08437450975179672,0.5821065902709961,0.3335188925266266
i use this site for booking over night stays when going on holiday. good hotel and great staff.,positive,positive,0.9393545389175415,0.00849148165434599,0.05215394124388695,0.9393545389175415
can't access my account,negative,negative,0.9466769695281982,0.9466769695281982,0.046914950013160706,0.006408158224076033
very useful to find non-chain hotels--saving lots of money when all you need is a clean room and a servicable bed.,positive,positive,0.9240682125091553,0.008982905186712742,0.06694889813661575,0.9240682125091553
"love it, something for almost every occasion!",positive,positive,0.9101613759994507,0.022146854549646378,0.06769172847270966,0.9101613759994507
doesn't format text correctly,neutral,negative,0.5852800607681274,0.5852800607681274,0.38817745447158813,0.02654239721596241
"despite all these new pdf readers, this app provides very good benefits",positive,positive,0.8411714434623718,0.011010264046490192,0.14781834185123444,0.8411714434623718
love it but hate it,neutral,neutral,0.6867608428001404,0.14725631475448608,0.6867608428001404,0.16598282754421234
great application. efficient way to browse and book accommodation.,neutral,positive,0.9432917833328247,0.008371691219508648,0.04833647981286049,0.9432917833328247
great mutch eadier than website. quick and convenient,positive,positive,0.9264202117919922,0.008873292244970798,0.06470651924610138,0.9264202117919922
excellent. not needing any permissions is cool.,neutral,neutral,0.7317996621131897,0.021346159279346466,0.7317996621131897,0.24685414135456085
"works pretty good, nice to finally have this on android.",positive,positive,0.8874053359031677,0.006950957700610161,0.10564366728067398,0.8874053359031677
to boring and to many adds,negative,neutral,0.6701844930648804,0.18369880318641663,0.6701844930648804,0.1461167335510254
reply from notification and remove bbm channels,neutral,negative,0.5797330737113953,0.5797330737113953,0.34516260027885437,0.07510435581207275
love the app but current temperature doesn't stay in the notification bar even though i have it set to go the settings. please fix. i have to constantly open the app for current temp.,positive,positive,0.511237382888794,0.025937875732779503,0.4628247618675232,0.511237382888794
i like it . works great,neutral,positive,0.9245839715003967,0.009895404800772667,0.06552065163850784,0.9245839715003967
it's good for documents viewings and managing.,positive,positive,0.8300782442092896,0.006957377772778273,0.16296443343162537,0.8300782442092896
it's good but not too much <url> it's working well,positive,neutral,0.5240670442581177,0.010480792261660099,0.5240670442581177,0.4654521644115448
pic porn on ads,negative,negative,0.5692593455314636,0.5692593455314636,0.36580774188041687,0.06493290513753891
dope! i wish there was a batch deletion feature.,positive,neutral,0.665891706943512,0.18526668846607208,0.665891706943512,0.14884157478809357
"worked great for years but now it double posts everything i send on my chromebook. love it on every other <url> iphone, mac. i hope this is fixed in the next <url> !",neutral,positive,0.7818183302879333,0.056429360061883926,0.16175232827663422,0.7818183302879333
"sering error, but it's fine. still working",positive,neutral,0.7391414642333984,0.033645499497652054,0.7391414642333984,0.22721299529075623
full of bugs. i can claim the reward but my coins doesn't increase at all????,negative,negative,0.653435468673706,0.653435468673706,0.3116169273853302,0.034947656095027924
reliable when signal is good,positive,positive,0.5111843347549438,0.013036530464887619,0.47577911615371704,0.5111843347549438
love it and hate it.,neutral,negative,0.9039716124534607,0.9039716124534607,0.08131051808595657,0.014717919752001762
would be good if you could delete after finished!,neutral,neutral,0.7139672636985779,0.0204145684838295,0.7139672636985779,0.26561814546585083
works for me. only one i ever use.,positive,positive,0.8565039038658142,0.04338483139872551,0.10011126101016998,0.8565039038658142
error <url> do not work. i'm having <number> . <number> . <number> <url> still not working .,negative,negative,0.9321461915969849,0.9321461915969849,0.055949755012989044,0.011904135346412659
it is very good but it needs more options on the facial features and the body motifications,positive,positive,0.6732649803161621,0.00836245622485876,0.318372517824173,0.6732649803161621
takes up <number> percent of the <url> saves everything u <url> good for a <url> have motorola droid.,negative,neutral,0.8011785745620728,0.10459252446889877,0.8011785745620728,0.09422889351844788
nice <url> was using this <url> information for news and latest updates,neutral,positive,0.7084363698959351,0.027503937482833862,0.26405972242355347,0.7084363698959351
"the whitelist doesn't <url> no matter what i do, my tree dies.",neutral,negative,0.8791592717170715,0.8791592717170715,0.10068637877702713,0.020154308527708054
"good app, but lacking android wear (and thus pebble) support. i prefer google hangouts to slack because of this missing functionality.",neutral,neutral,0.7679727077484131,0.023707889020442963,0.7679727077484131,0.20831938087940216
great but too much phone access,neutral,positive,0.7907438278198242,0.017867930233478546,0.19138824939727783,0.7907438278198242
if you can't offer better pricing you're useless,negative,negative,0.9634627103805542,0.9634627103805542,0.029048191383481026,0.0074890851974487305
seriously your ad blocker never works everytime i go to movies site pop up ads pop ups every second very irritating don't <url> u will never get good surfing experience,negative,negative,0.8468130230903625,0.8468130230903625,0.1274636685848236,0.025723233819007874
minimize category and bbm group user friendly,positive,positive,0.49706435203552246,0.020807716995477676,0.48212793469429016,0.49706435203552246
it doesn't save the last page you were on. it's annoying.,neutral,neutral,0.7609889507293701,0.1883121281862259,0.7609889507293701,0.050698909908533096
please add something which shows you how long you've worked for each day and maybe a graph for comparing different working times,neutral,positive,0.8411058187484741,0.010461138561367989,0.14843304455280304,0.8411058187484741
not bad better than other,positive,neutral,0.5781475901603699,0.0416288860142231,0.5781475901603699,0.38022351264953613
i like the radar and spark. i work outside so that helps. the temp though? <url> but i guess that's what you get when trying to predict the actions of the most volatile woman in existence. mother nature of course.,neutral,positive,0.8302541971206665,0.010288089513778687,0.15945763885974884,0.8302541971206665
why it is asking to download uc browser when i am going to download song and i don't want to download uc browser,negative,negative,0.6111730933189392,0.6111730933189392,0.32646986842155457,0.06235707923769951
"awesome app!! it helps me a <url> i think it will be better if it had a <url> like we can time when it will start <url> sometimes i like to use my phone a lot. like before bed or using my phone at <url> smting like that. if you had the timer, we can set our work time so we would not play phones at certain <url> but still this app is great!!",positive,positive,0.8999954462051392,0.009878842160105705,0.09012571722269058,0.8999954462051392
good app but <url>,neutral,neutral,0.6873478293418884,0.016169030219316483,0.6873478293418884,0.2964831590652466
does the job it aims to do,neutral,positive,0.8628785014152527,0.022612428292632103,0.11450909078121185,0.8628785014152527
ridiculous. why the hell i cannot move it to memory card?,negative,negative,0.9603191614151001,0.9603191614151001,0.03068736009299755,0.008993411436676979
download error problem network gone after network connected again donwload doesn't resume,neutral,negative,0.77598637342453,0.77598637342453,0.19474391639232635,0.029269684106111526
"i would give this app more stars if it weren't for the inability to get an overview of the total number of hours sunk into each tag rather than just a percentage, extend the amount of time you want on the fly and to filter by multiple tags vs either only one or all at the moment.",neutral,positive,0.6588897705078125,0.018175866454839706,0.3229343593120575,0.6588897705078125
"its cool, i love it",neutral,positive,0.6038995981216431,0.050842154771089554,0.3452582359313965,0.6038995981216431
warning. bad apps. this apps cheat ur money on cancelation,negative,negative,0.9660210609436035,0.9660210609436035,0.027084268629550934,0.0068946778774261475
please fix!! then <number> stars,negative,negative,0.4692058563232422,0.4692058563232422,0.4466426968574524,0.08415142446756363
it's ok this apps,positive,neutral,0.7796056270599365,0.014264201745390892,0.7796056270599365,0.20613019168376923
please add support for links inside pdf! great app but i really miss that feature!!,neutral,positive,0.9104005098342896,0.009233457036316395,0.08036597073078156,0.9104005098342896
weatherbug was better <number> years back than it is now. i do not like the last few updates. the maps not as good especially showing cloud cover with storms or without. the layers is really sib par from the way it was. now for the last <number> days its shutting down for no reason,neutral,negative,0.5183813571929932,0.5183813571929932,0.4263351261615753,0.05528353154659271
uc helpful but it's have many bad <url>,positive,neutral,0.636690080165863,0.015596311539411545,0.636690080165863,0.3477136194705963
it tells me what i need to know,positive,positive,0.8870965242385864,0.012609937228262424,0.1002935841679573,0.8870965242385864
addicted to phone? this is the app,positive,negative,0.9583032131195068,0.9583032131195068,0.03225579857826233,0.009440931491553783
works well but beware the enormous memory use for data. if this could be stored on sd card then i would give <number> stars. as it is may have to uninstall.,neutral,neutral,0.7673289179801941,0.019741861149668694,0.7673289179801941,0.21292920410633087
nice app for viewing documents!!! have been using it since many years!,positive,positive,0.9390372037887573,0.008425538428127766,0.05253725126385689,0.9390372037887573
doesn't have a logout option,positive,neutral,0.6734100580215454,0.2598640024662018,0.6734100580215454,0.0667259618639946
enlarge capacity for sending video,neutral,positive,0.5993571877479553,0.05944065749645233,0.34120211005210876,0.5993571877479553
"it needs to have color, hairstyles and have character friends we pick on the lists to be in emojis too. plus can we have clothes come from video games and movies. plz",positive,positive,0.7616998553276062,0.020359372720122337,0.21794076263904572,0.7616998553276062
excellent considering all i want is pdf reader. but confused why such a basic thing like bookmarks is missing! the page nav good but never accurate,neutral,positive,0.5632724165916443,0.01174700167030096,0.4249805510044098,0.5632724165916443
very funny! it crashes in my s <number> edge+,negative,negative,0.5352087020874023,0.5352087020874023,0.4084888696670532,0.056302379816770554
cant book in alantic city nj,negative,negative,0.8250923752784729,0.8250923752784729,0.15981566905975342,0.015091974288225174
learnt about it hope it is going to be <url>,neutral,positive,0.49054890871047974,0.12392805516719818,0.3855230212211609,0.49054890871047974
i think it is cool because you can use it for anything and could make stories etc.,positive,positive,0.793868899345398,0.008843469433486462,0.19728760421276093,0.793868899345398
"so powerful, yet so limited.",neutral,neutral,0.7720111012458801,0.07217816263437271,0.7720111012458801,0.15581072866916656
i really like this app. have a lot of fun with it when i send text messages. haven't had any problems with it.,neutral,positive,0.9101812243461609,0.00971751008182764,0.08010122925043106,0.9101812243461609
new icon is really lame. looks like google <url> hahaha. binit,negative,negative,0.8476682305335999,0.8476682305335999,0.1339104324579239,0.01842125505208969
easy and convenient to use,positive,positive,0.9257524013519287,0.007480904459953308,0.06676667928695679,0.9257524013519287
holy data <url> people please!,negative,negative,0.6088783144950867,0.6088783144950867,0.28109654784202576,0.11002513766288757
screw you slack for arbitrarily forcing everyone on mobile to download this utterly superfluous client while your services run well in browser.,negative,negative,0.965829074382782,0.965829074382782,0.02436666190624237,0.009804307483136654
sometime. . force close hard launch,neutral,neutral,0.5595232844352722,0.3485071361064911,0.5595232844352722,0.0919695645570755
"slow, and hang when zoom",negative,neutral,0.5581051111221313,0.3937171697616577,0.5581051111221313,0.04817778244614601
"the app is really good. i find it really fun but i suggest that you guys add piercings, birthmarks, beauty marks and things like that, maybe even allow more then two bitmoji characters. other than that, the app is really good",positive,positive,0.7878928780555725,0.007593613583594561,0.2045135498046875,0.7878928780555725
"would pay extra to get the ads to go away. otherwise, very good.",neutral,positive,0.6500980854034424,0.011127118021249771,0.33877477049827576,0.6500980854034424
beware making fool and cheating beware,negative,negative,0.9603212475776672,0.9603212475776672,0.030732793733477592,0.008945964276790619
what happened to the paid version?,negative,negative,0.7823231220245361,0.7823231220245361,0.17200611531734467,0.04567084088921547
good <number> st version - htc one m <number>,positive,neutral,0.596923291683197,0.013514913618564606,0.596923291683197,0.3895617723464966
great app use it to store music in,positive,positive,0.9398684501647949,0.013068600557744503,0.047062959522008896,0.9398684501647949
"could use a bit of <url> other than that, great concept and idea!",neutral,positive,0.7873134016990662,0.01468764990568161,0.19799891114234924,0.7873134016990662
more customizable than the other guy but not as complete as i'd like,positive,positive,0.5582956075668335,0.01345197856426239,0.4282523989677429,0.5582956075668335
"i always like this app since i used my old curve. but the ads kill me, hahahaha.",positive,neutral,0.5412834286689758,0.10840701311826706,0.5412834286689758,0.3503095805644989
"what a crappy app. rim can do much betta than this. wanted to give it a zero star but that option ain't available, i wonder why.",negative,negative,0.948638379573822,0.948638379573822,0.042431704699993134,0.008929906412959099
it's a good app . it saved my mobile from getting virus into my mobile,positive,positive,0.811231255531311,0.007705335970968008,0.1810634285211563,0.811231255531311
it's really nice !!!,neutral,positive,0.8613048791885376,0.007840512320399284,0.13085459172725677,0.8613048791885376
"the prices are super high. like,the great <url> a billionaire could pay, but they would be poor afterwards. don't use!",negative,negative,0.9019061326980591,0.9019061326980591,0.08310113102197647,0.014992747455835342
"great local forecast, maybe because i live near their headquarters. it works great when i travels as well.",positive,positive,0.9101828336715698,0.0083291195333004,0.08148809522390366,0.9101828336715698
not very compatible with pomodoro technique,neutral,neutral,0.7978416085243225,0.10970910638570786,0.7978416085243225,0.09244922548532486
very useful and reliable app. documents are available offline which i find very convenient,positive,positive,0.9412065744400024,0.008523104712367058,0.050270356237888336,0.9412065744400024
too many ads! hate it,negative,negative,0.9339113831520081,0.9339113831520081,0.05779646337032318,0.008292124606668949
good but i don't like this app becouse of that annoying ads please remove this <url>,negative,neutral,0.7527883648872375,0.02419387735426426,0.7527883648872375,0.22301779687404633
improve android app please,neutral,neutral,0.539928674697876,0.0892915204167366,0.539928674697876,0.37077978253364563
not happy over my profile picture,neutral,negative,0.8215318322181702,0.8215318322181702,0.15140916407108307,0.027059070765972137
foxit reader is more convenient,positive,neutral,0.6579990983009338,0.028601685538887978,0.6579990983009338,0.31339922547340393
"cute, simple and motivating!",positive,positive,0.9148574471473694,0.00905226543545723,0.07609028369188309,0.9148574471473694
good but could be better,positive,neutral,0.6967732906341553,0.016740361228585243,0.6967732906341553,0.28648635745048523
"one of the essential apps, but imperfectly realized in android",positive,neutral,0.5527722239494324,0.0710621327161789,0.5527722239494324,0.37616562843322754
like it but too much ads,positive,neutral,0.7339950203895569,0.028255630284547806,0.7339950203895569,0.2377493530511856
still very lame. can't open pdfs that are image scans. cmon adobe. really?,negative,negative,0.9269577264785767,0.9269577264785767,0.062412142753601074,0.010630045086145401
"after unable to launch get fixed in the update last night, all my past <number> days history is gone <url> all my lemon <url> this how the developer improve performance? very <url>",negative,negative,0.866746187210083,0.866746187210083,0.10984034836292267,0.023413442075252533
you better call it off. useless.,negative,negative,0.9680472016334534,0.9680472016334534,0.022704513743519783,0.009248293936252594
as good as the web version,positive,neutral,0.5085715055465698,0.012583501636981964,0.5085715055465698,0.4788450300693512
just updated bbm and all of my chat history disappeared! need a way to restore it. pls fix it.,neutral,negative,0.8657445907592773,0.8657445907592773,0.11241556704044342,0.02183976210653782
<salutation> can't even open password protected files. waste of time and memory,negative,negative,0.9682610630989075,0.9682610630989075,0.02398509718477726,0.007753855548799038
i dont understand this ap,neutral,negative,0.8836004137992859,0.8836004137992859,0.10060359537601471,0.015795979648828506
its a very good app,positive,positive,0.8802065849304199,0.007493762299418449,0.11229966580867767,0.8802065849304199
good website for hotels. plenty of options and many with free cancellation.,positive,positive,0.898701012134552,0.006396612152457237,0.09490235149860382,0.898701012134552
bad very very bad. in all website you have ads <url> is <url> <url> bad things <url> <url>,negative,negative,0.9665032029151917,0.9665032029151917,0.026881203055381775,0.006615576334297657
claims app <number> sd but <url> no option to move from phone to sd card. it's a <number> +mb app. htc di <number> . <number>,neutral,negative,0.7299246788024902,0.7299246788024902,0.24272161722183228,0.02735375054180622
"unnecessary app, please kill it.",negative,negative,0.9612055420875549,0.9612055420875549,0.032090917229652405,0.006703535094857216
my favorite way to communicate,positive,positive,0.9056546688079834,0.016367021948099136,0.07797832787036896,0.9056546688079834
quickly opens up the pdf <url> and very user friendly,positive,positive,0.906741738319397,0.009843582287430763,0.08341468125581741,0.906741738319397
force closed after update,neutral,negative,0.899411141872406,0.899411141872406,0.07896821200847626,0.021620633080601692
this app is nice for safe <url>,neutral,positive,0.6234084367752075,0.010416794568300247,0.36617472767829895,0.6234084367752075
brings so much important info to my phone in an easy to use format.,positive,positive,0.9371027946472168,0.010722318664193153,0.05217491462826729,0.9371027946472168
very nice and helpful app,positive,positive,0.9329422116279602,0.00856622215360403,0.05849159508943558,0.9329422116279602
don't send fake news,neutral,negative,0.7133278846740723,0.7133278846740723,0.2546631097793579,0.03200902044773102
it asks for login every time i start it and that is very annoying. on my ipad it does not behave that way.,neutral,neutral,0.6610206365585327,0.2887208163738251,0.6610206365585327,0.0502585731446743
update <url> bisa copy comment di picture group <url> info bagaimana cara copy coment nya?,negative,negative,0.5302475094795227,0.5302475094795227,0.3903423845767975,0.07941015809774399
"good so far on phone, afraid to install on laptop, had a older version that wouldn't go away and had constant ads and pop-ups",positive,neutral,0.679391086101532,0.021303704008460045,0.679391086101532,0.2993052005767822
this app is far too big.,negative,negative,0.7083132863044739,0.7083132863044739,0.24366800487041473,0.0480186864733696
this is a good app,positive,positive,0.730915367603302,0.009539617225527763,0.25954505801200867,0.730915367603302
"i'm heard about security concerns related to this browser, can u explain it?",neutral,neutral,0.6434141397476196,0.17953555285930634,0.6434141397476196,0.17705024778842926
worst app in world,negative,negative,0.9694672226905823,0.9694672226905823,0.022704292088747025,0.007828405126929283
i wish i could make funnies with my friends in them. not just in snapchat. otherwise a very fun app.,positive,positive,0.9055322408676147,0.006642247550189495,0.0878254622220993,0.9055322408676147
its alright but got a long way to go to better repligo. need to be able to skip to chapters and double tap zoom should fit paragraph to screen width,neutral,neutral,0.7157257795333862,0.012010018341243267,0.7157257795333862,0.2722642421722412
just missing an iphone feature.,positive,neutral,0.6694633364677429,0.12393558770418167,0.6694633364677429,0.2066010683774948
not as good as on the blackberry phones doesn't show a red star to let you know you have an unread message unless you open the app,neutral,negative,0.5151613354682922,0.5151613354682922,0.4257037043571472,0.05913499742746353
excellent with some improvements,positive,positive,0.8742149472236633,0.007913977839052677,0.11787107586860657,0.8742149472236633
add fonts and stuff,positive,positive,0.8412430882453918,0.013658558018505573,0.14509831368923187,0.8412430882453918
please add some more features,positive,positive,0.6805878281593323,0.021369487047195435,0.2980426847934723,0.6805878281593323
wish you could choose a friends to be part of the emoji,neutral,neutral,0.5379660725593567,0.020379258319735527,0.5379660725593567,0.4416547119617462
this app is useless. if i hit the home button the app plays in the background of my phone without the tree dying. that literally defeats the entire purpose of the app,negative,negative,0.9701036810874939,0.9701036810874939,0.021713223308324814,0.008183064870536327
now i accepted it,positive,neutral,0.4059299826622009,0.2686607837677002,0.4059299826622009,0.3254092037677765
support for password protected documents.,neutral,positive,0.6950349807739258,0.021054212003946304,0.28391075134277344,0.6950349807739258
discord came out and improved on slack in every way. there is no reason to use this trash anymore.,negative,negative,0.9600213766098022,0.9600213766098022,0.03213760629296303,0.007841057144105434
not anymore waste of time,negative,negative,0.9469334483146667,0.9469334483146667,0.042937763035297394,0.010128804482519627
not able to sign in,negative,negative,0.7913779020309448,0.7913779020309448,0.1669640839099884,0.04165798798203468
edit: i found the lemons and how to kill trees,positive,positive,0.4458158314228058,0.11883401870727539,0.4353501796722412,0.4458158314228058
always eror <url> this app,negative,positive,0.7779814004898071,0.04899834096431732,0.17302027344703674,0.7779814004898071
has too much space for ads. premium for login. there are more user friendly ways to monetize your app. the concept is ok but poorly executed,negative,neutral,0.8009116649627686,0.11262810975313187,0.8009116649627686,0.08646019548177719
"since using a new update, my htc one x, always not <url>",negative,negative,0.8022869229316711,0.8022869229316711,0.16802063584327698,0.029692448675632477
wpupd give more stars if we could use this app on fb messenger,neutral,neutral,0.49451738595962524,0.27293461561203003,0.49451738595962524,0.2325480729341507
"not more reliable as the desktop app, but it is enough to get by",neutral,neutral,0.7611881494522095,0.02954983152449131,0.7611881494522095,0.20926201343536377
does not open all pdf files that you can open with adobe on the pc. uninstalled.,negative,negative,0.9524542093276978,0.9524542093276978,0.035755544900894165,0.01179022341966629
"really bad. zoom removes text, outer viewmode locks scrolling etc etc",negative,negative,0.9595749378204346,0.9595749378204346,0.03344450518488884,0.006980549544095993
i think the app is ment for book worms and book worms like me love it,neutral,positive,0.8173012137413025,0.03830651938915253,0.14439231157302856,0.8173012137413025
chat app or ads app,negative,negative,0.9261528253555298,0.9261528253555298,0.06123574823141098,0.012611452490091324
"good accuracy, clean look and good features.",positive,positive,0.8687321543693542,0.008381160907447338,0.12288668006658554,0.8687321543693542
tree doesn't whether if i leave the app n play game this app sucks,negative,negative,0.9071963429450989,0.9071963429450989,0.08132865279912949,0.0114749725908041
even worse than photoshop,negative,negative,0.9447181820869446,0.9447181820869446,0.040911369025707245,0.014370393007993698
begging for bookmark and copy paste option <url>,neutral,negative,0.8457159996032715,0.8457159996032715,0.12880975008010864,0.025474337860941887
forgets where i was when killed by the system,neutral,neutral,0.5730356574058533,0.3595021665096283,0.5730356574058533,0.06746216863393784
very good. am no lonnger using infinix <number> am using mi note and it is very difficut for me to update my mi note phone.,neutral,positive,0.721510648727417,0.010649931617081165,0.2678394317626953,0.721510648727417
not easy to use,neutral,negative,0.48655420541763306,0.48655420541763306,0.4465242624282837,0.06692148745059967
good app but huge filespace,neutral,positive,0.5803171992301941,0.010371013544499874,0.40931177139282227,0.5803171992301941
no substitute for this great secure app for mobile communication in real time,positive,negative,0.5717729330062866,0.5717729330062866,0.27052098512649536,0.15770603716373444
not for bald people,negative,neutral,0.5455985069274902,0.17783786356449127,0.5455985069274902,0.2765636146068573
really useful app. totally enjoyed using it. i had downloaded this without many expectations but the simplicity and perfection that this app delivered totally blew me away. hats off to the developers !! keep up the great work !!,positive,positive,0.9103978872299194,0.017115682363510132,0.07248640060424805,0.9103978872299194
"it's a good app overall, but the hourly forecast is totally unreliable. if the amatuers at weather underground can get it right <number> % of the time, why is weatherbug wrong <number> % of the time? c'mon folks, it's obviously do-able, so please try putting in the effort to get it right in the future (or at least check out the weather underground site and copy their work).",neutral,neutral,0.5501561164855957,0.012669431045651436,0.5501561164855957,0.4371744394302368
so so. like other apps in the play store. nothing special.,neutral,neutral,0.7909088134765625,0.04699638485908508,0.7909088134765625,0.1620948314666748
the standard tool for exchanging documents online,positive,positive,0.9278932809829712,0.013078279793262482,0.05902847647666931,0.9278932809829712
please fix some bug n i will give u <number> star,neutral,neutral,0.7329266667366028,0.09887849539518356,0.7329266667366028,0.16819480061531067
great app over all,positive,positive,0.9078589081764221,0.03252966329455376,0.059611476957798004,0.9078589081764221
the app is interactive and has all the required functions.,positive,positive,0.8520629405975342,0.01908791810274124,0.12884916365146637,0.8520629405975342
it's ok but the follow me is crap,neutral,neutral,0.8173538446426392,0.021802790462970734,0.8173538446426392,0.16084334254264832
update every <number> minutes,neutral,neutral,0.5630441308021545,0.36561357975006104,0.5630441308021545,0.07134220004081726
"i have installed and uninstalled repeated this several times, all it wants to do is update continuously. i can't use it at all.",negative,negative,0.9624952673912048,0.9624952673912048,0.030121896415948868,0.007382852956652641
used battery most show identity,negative,neutral,0.5436374545097351,0.3238910138607025,0.5436374545097351,0.13247159123420715
should have more filtering options. should stop nagging for a review when you've already posted one.,neutral,neutral,0.7611383199691772,0.024418996647000313,0.7611383199691772,0.2144426852464676
"after reservation want to add rooms but app just crash, keep loading",negative,negative,0.8345990777015686,0.8345990777015686,0.14464698731899261,0.020753953605890274
lost in the translation,negative,negative,0.6214994192123413,0.6214994192123413,0.28502005338668823,0.09348059445619583
new version is much slower than the last. loading messages and channels feels sluggish and tedious.,negative,neutral,0.8147271275520325,0.09220527857542038,0.8147271275520325,0.09306760877370834
where did the precipitation amounts go?,negative,neutral,0.6645635366439819,0.2290990799665451,0.6645635366439819,0.10633742809295654
"it's nice, but it would be great there'd be some piercings",positive,positive,0.7273975014686584,0.007315583527088165,0.2652868926525116,0.7273975014686584
it's a good app,positive,positive,0.65205317735672,0.008581366389989853,0.33936551213264465,0.65205317735672
good but could be better,positive,neutral,0.6967733502388,0.016740350052714348,0.6967733502388,0.28648629784584045
last update hosed app,negative,negative,0.9135900139808655,0.9135900139808655,0.07269422709941864,0.013715839013457298
"it keeps crashing. i like yet very annoying to keep <url> , weather stopped working.",neutral,negative,0.5997685790061951,0.5997685790061951,0.3672143816947937,0.03301709145307541
the app would be better if you let us use calculator and <url> bcoz sometimes while studying you have to google something <url> just a suggestion.,neutral,neutral,0.5583662986755371,0.021794788539409637,0.5583662986755371,0.41983887553215027
"i love the amount of data and the warnings. however in the last <number> months the application has failed to work often at least once a day. if this issue could be solved, i would give the app <number> stars.",neutral,positive,0.8830388784408569,0.011200043372809887,0.1057611033320427,0.8830388784408569
you just need to add box braids as a hairstyle,positive,positive,0.8035392165184021,0.015999285504221916,0.18046149611473083,0.8035392165184021
its nice to receive anything,positive,positive,0.8324492573738098,0.007207209710031748,0.16034355759620667,0.8324492573738098
this app is awful,negative,negative,0.9660153985023499,0.9660153985023499,0.027798324823379517,0.0061862897127866745
"bummer! now i am a former usser!!!! no-ads weatherbug, where are you? hello?",negative,negative,0.8280784487724304,0.8280784487724304,0.14654912054538727,0.025372441858053207
good for an <url>,neutral,neutral,0.6182309985160828,0.014418450184166431,0.6182309985160828,0.3673505485057831
this is very bad,neutral,negative,0.9367117881774902,0.9367117881774902,0.05323326215147972,0.010054990649223328
doesnt work on the gs <number>,negative,negative,0.918446958065033,0.918446958065033,0.07306241244077682,0.008490593172609806
too much ads not good for kids,neutral,negative,0.5065757036209106,0.5065757036209106,0.4361645579338074,0.05725971236824989
not working properly in android above <number> . <number>,positive,negative,0.8884789943695068,0.8884789943695068,0.08776604384183884,0.02375507354736328
slow sometimes especially during video and audio calls. the app just hangs and stops working.,positive,neutral,0.8175849318504333,0.11275914311408997,0.8175849318504333,0.06965591758489609
if i could alter the apps appearance to allow for inverted colour schemes i would give it <number> stars other than that this is a brilliant app.,positive,positive,0.8119645714759827,0.012931079603731632,0.17510437965393066,0.8119645714759827
one of the <signature>,neutral,positive,0.927526593208313,0.011217785067856312,0.061255600303411484,0.927526593208313
"it's not working for me, i'm using samsung tab <number> mini, it's asking for confirmation of date of birth",negative,negative,0.8053882718086243,0.8053882718086243,0.17217987775802612,0.02243184857070446
"i can use other app meanwhile timer is running , so no use waste app",negative,negative,0.5767890810966492,0.5767890810966492,0.35204634070396423,0.07116463780403137
app is up to date and easy to read.,positive,positive,0.8308662176132202,0.013297580182552338,0.15583622455596924,0.8308662176132202
"do not waste your time. if u think u can save the earth but no, you have to buy premium first to plant trees. absolute a waste timer",negative,negative,0.9646167159080505,0.9646167159080505,0.028453614562749863,0.006929616443812847
sluggish compared to other pdf readers but renders well.,neutral,neutral,0.7132688164710999,0.0181270781904459,0.7132688164710999,0.2686041295528412
"i don't need this, but i'm sure someone will need it.",positive,neutral,0.5859687924385071,0.034636858850717545,0.5859687924385071,0.3793943524360657
"really fast, good and probably the <signature>",positive,positive,0.8926488757133484,0.009190082550048828,0.09816104173660278,0.8926488757133484
"my team, tired of waiting for a department driven initiative for collaboration tools, decided to start using this for ourselves. it's been a great experience so far - quicker responses, easy file sharing, organising social outings and reaching out to the whole team at once etc. the <signature>",positive,positive,0.8739973306655884,0.024652037769556046,0.10135060548782349,0.8739973306655884
bad uploaded pic display,negative,negative,0.937260091304779,0.937260091304779,0.0526711605489254,0.010068814270198345
i like this app is very useful,neutral,positive,0.9152737259864807,0.008341613225638866,0.07638463377952576,0.9152737259864807
"i was not able to open the app even after reinstalling it twice so instead i installed ""flip flop"" app which is also a similar app",negative,negative,0.864159882068634,0.864159882068634,0.11528302729129791,0.020557144656777382
what's with all the new permissions?,negative,negative,0.7395394444465637,0.7395394444465637,0.2194443643093109,0.04101613163948059
the new automatic markdown feature sucks!!! and you cannot turn it off,negative,negative,0.9613776206970215,0.9613776206970215,0.030927009880542755,0.007695403881371021
now it use very long time for export photo.,negative,positive,0.7932645678520203,0.045372702181339264,0.1613626480102539,0.7932645678520203
can't import pictures,negative,negative,0.6033097505569458,0.6033097505569458,0.3655340075492859,0.03115624375641346
i love it but for some reason it doesn't work well on my samsung. if it worked better with my phone a higher rating,neutral,positive,0.49292874336242676,0.02615848183631897,0.48091283440589905,0.49292874336242676
did more things to say and more holiday,neutral,positive,0.6700565218925476,0.09334032237529755,0.23660309612751007,0.6700565218925476
can not open edited images on my galaxy note <number>,negative,negative,0.7775074243545532,0.7775074243545532,0.20348522067070007,0.019007300958037376
the confirmation details is not shown on <number> rd party screen. not useful if i have to inform <number> rd party of the confirmation details.,neutral,neutral,0.6306689977645874,0.2866364121437073,0.6306689977645874,0.08269457519054413
never sends the correct emoji.,negative,negative,0.6504176259040833,0.6504176259040833,0.32480940222740173,0.024772921577095985
please add save image setting,positive,neutral,0.5945835113525391,0.09638439863920212,0.5945835113525391,0.30903205275535583
i cant run the app after new update!!!,neutral,negative,0.9635700583457947,0.9635700583457947,0.02968844585120678,0.006741567514836788
ads thats the only thing spoiling this <url> bcz ads are source of income <url> lose this app the source ur getting ads,negative,negative,0.9419506192207336,0.9419506192207336,0.04690159857273102,0.011147744953632355
i have had this app for a while and it works really well,negative,positive,0.8906548023223877,0.009514207020401955,0.09983097016811371,0.8906548023223877
mostly good except- sucks too much background data and not freindly to my battery . should shut itself down.,neutral,neutral,0.7702041864395142,0.024365151301026344,0.7702041864395142,0.20543068647384644
"fairly accurate, wish the radar would update a little quicker",positive,positive,0.8101181983947754,0.007571155671030283,0.18231062591075897,0.8101181983947754
what's up with it?,negative,negative,0.7568103671073914,0.7568103671073914,0.20916923880577087,0.03402038291096687
up browser is <signature>,positive,neutral,0.4076763093471527,0.18604014813899994,0.4076763093471527,0.40628352761268616
nice app but i can't highlight my text i pressed that longer but it couldn't work please check this out,positive,neutral,0.7474104762077332,0.030278222635388374,0.7474104762077332,0.22231128811836243
love it but the radar needs future time,positive,neutral,0.6153204441070557,0.04593900591135025,0.6153204441070557,0.33874058723449707
itss ok but not good at <url>,neutral,neutral,0.8336578011512756,0.036226317286491394,0.8336578011512756,0.13011586666107178
animation does not work. really disappointed. use everyday for work. moving on to the weather channel app. never fails.,negative,negative,0.9523793458938599,0.9523793458938599,0.04037443920969963,0.00724623491987586
"maybe if the app followed material design guidelines, i would have rated it <number> stars. the controls are based on ios, so it's not easy to find your way, but overall it's a good photo app.",positive,positive,0.5547105669975281,0.012353249825537205,0.4329362213611603,0.5547105669975281
new layout v <number>,positive,neutral,0.5003654360771179,0.14618831872940063,0.5003654360771179,0.35344621539115906
it does not install,positive,negative,0.9459778666496277,0.9459778666496277,0.04308540001511574,0.01093666348606348
"its amazing app, but unfortunately after the new updation the app forced to close when importing a new photo. so please fix that bug immediately",positive,positive,0.6491420269012451,0.017338324338197708,0.3335196375846863,0.6491420269012451
try hotel tonight - $ <number> free,neutral,negative,0.6132000684738159,0.6132000684738159,0.32307130098342896,0.06372862309217453
"it's like <number> stars for the app, <number> star for new booking assistant. god damn it, how the hell can i just answer the message i got from a property???!!! why do i need to see <number> questions of an assistant instead, that i can not delete and that just mess up all the dialog! hate it. really hate this feature! do like everything else though.",positive,negative,0.9542756676673889,0.9542756676673889,0.03791472688317299,0.007809616159647703
been a good weather app for me! thumbs up!,positive,positive,0.7426396608352661,0.04703591391444206,0.2103244811296463,0.7426396608352661
i guess it's <url>,positive,neutral,0.6430251002311707,0.03378065302968025,0.6430251002311707,0.3231942653656006
loved it before update,neutral,negative,0.49195921421051025,0.49195921421051025,0.44234904646873474,0.06569171696901321
it is good news app but some improvement required in spelling and language.,positive,positive,0.7254282832145691,0.007710318546742201,0.2668614089488983,0.7254282832145691
"as a frequent user , you should have few options as reward the client should choose between",positive,neutral,0.6692714691162109,0.039728518575429916,0.6692714691162109,0.2909999489784241
no bookmark or jump to <url> really annoying,negative,negative,0.5894961357116699,0.5894961357116699,0.3825680613517761,0.027935821563005447
app is <url> service sucks,neutral,negative,0.9396282434463501,0.9396282434463501,0.049182385206222534,0.011189423501491547
i can't use web mobile in <url>,negative,negative,0.8780627250671387,0.8780627250671387,0.10828150063753128,0.013655747286975384
the new button is super poopy.,negative,neutral,0.48582127690315247,0.080482617020607,0.48582127690315247,0.43369609117507935
"i love it, but desperately needs to save last <url> and place within that <url> a bookmarking function!",neutral,positive,0.7719354033470154,0.0297617819160223,0.19830285012722015,0.7719354033470154
"simple to use,in a straight forward easy to understand format. <signature>",positive,positive,0.7961925864219666,0.013594896532595158,0.19021248817443848,0.7961925864219666
i saw no last minute rates as promised on the description.,negative,neutral,0.5107991695404053,0.40656208992004395,0.5107991695404053,0.08263874053955078
if you browse like i do this is a must have. i rated it <number> stars before but now it is becoming a mess. you are killing its reputation with ads. i must wait for few seconds advert to finish before browsing.,neutral,negative,0.8455941677093506,0.8455941677093506,0.12808182835578918,0.026323968544602394
the drawer is old,negative,neutral,0.5608037114143372,0.33691778779029846,0.5608037114143372,0.1022784635424614
what a great messanger. you make us who separated a kilometers away can gather in one place. keep <url>,positive,negative,0.9520283341407776,0.9520283341407776,0.03918775916099548,0.00878396350890398
add text option please,neutral,positive,0.5641354322433472,0.02082510106265545,0.4150395095348358,0.5641354322433472
new logo looks like swastika maybe next time dev team will worked on app ram usage?,negative,neutral,0.6093543171882629,0.1312400847673416,0.6093543171882629,0.25940558314323425
don't use. can't uninstall on tablet,neutral,negative,0.9511892199516296,0.9511892199516296,0.041821133345365524,0.006989623885601759
fast but doesn't allow you to jump to pages no good for big ebooks,neutral,negative,0.6894876956939697,0.6894876956939697,0.27622145414352417,0.03429081290960312
how can i make a video call??,positive,positive,0.4779798686504364,0.06452254205942154,0.45749756693840027,0.4779798686504364
easy to use and useful,positive,positive,0.9150794148445129,0.008047838695347309,0.07687270641326904,0.9150794148445129
"i saw this app on engadget and was excited to try it. however, the hdr mode does not work on my phone. i have a samsung galaxy s <number> edge. it is listed as one of the phones that works but the option for hdr is not available on the drop-down menu.",neutral,neutral,0.6783570647239685,0.17438139021396637,0.6783570647239685,0.14726153016090393
i was able to update and view my bookings very easily. very convenient.,positive,positive,0.9157918095588684,0.009651413187384605,0.07455678284168243,0.9157918095588684
"it lost all my progress! i had the cat tree, octopus, etc",negative,negative,0.892857015132904,0.892857015132904,0.09096068143844604,0.01618223823606968
best crashes ever!!!! worthless,negative,negative,0.9662352204322815,0.9662352204322815,0.02623557671904564,0.007529092486947775
radar map never loads first try.,neutral,negative,0.8589692115783691,0.8589692115783691,0.12384766340255737,0.01718311198055744
"simple to the massage, i like bbm,cause i can see when the massage have delivered n read .",positive,positive,0.8420404195785522,0.010035555809736252,0.14792397618293762,0.8420404195785522
its <url> make something <url>,neutral,positive,0.5486941337585449,0.06366198509931564,0.38764384388923645,0.5486941337585449
this is my favorite weather app to use. i've used it since i was a teenager. the only problem i have is that the hourly forecast is almost never right which is very inconvenient for me considering i work outside. on the bright side you can look at the radar and pretty much tell what what is gonna hit you.,neutral,positive,0.8775708675384521,0.012882612645626068,0.10954651981592178,0.8775708675384521
cant connect to facebook,neutral,negative,0.8755162358283997,0.8755162358283997,0.11532723158597946,0.009156528860330582
"i like it and think it's super cute and fun, but i wish it had more such as maybe tattoos or piercings and i wish you could create outfits instead of picking an outfit",positive,positive,0.906970202922821,0.007070418447256088,0.08595939725637436,0.906970202922821
good for quick edits on the move,positive,positive,0.6317213773727417,0.010408289730548859,0.3578703701496124,0.6317213773727417
why the almost daily updates?,neutral,neutral,0.7814521193504333,0.07933348417282104,0.7814521193504333,0.13921447098255157
terrible. i don't need creative cloud!,negative,negative,0.9691373705863953,0.9691373705863953,0.02272879332304001,0.008133778348565102
sign up form doesn't work and this app doesnt work without an adobe account so it was just a waste of time.,negative,negative,0.9693039059638977,0.9693039059638977,0.023395603522658348,0.007300428114831448
love it but a problem?,positive,positive,0.5893773436546326,0.021372608840465546,0.3892500400543213,0.5893773436546326
does what supposed to an as far as forcast go seems good,positive,neutral,0.7082726955413818,0.01897514797747135,0.7082726955413818,0.27275216579437256
i can't import alot of my photos!,neutral,negative,0.6787891387939453,0.6787891387939453,0.29682406783103943,0.024386750534176826
horrible pdf reader. there are much better alternatives.,negative,negative,0.9658750295639038,0.9658750295639038,0.026383955031633377,0.007741109933704138
"it's great that it can read my truck's <number> , <number> page service manual right here on my phone; but i can't find anything if there is no search feature!!",neutral,positive,0.7303772568702698,0.009644151665270329,0.2599785625934601,0.7303772568702698
it does logout of account after closing,positive,negative,0.47516658902168274,0.47516658902168274,0.42557212710380554,0.09926123172044754
"love it. would be great if you could include options to dodge and burn images, too.",positive,positive,0.890924870967865,0.013008000329136848,0.09606717526912689,0.890924870967865
i don't like that i can't attach to a text in gboard. i have to go through bitmoji to send in a text. it is easier to send in iphone and i can't do friendmojis,positive,neutral,0.8252575993537903,0.09219271689653397,0.8252575993537903,0.08254963904619217
"does not work on the captivate at <url> very disapointed, it just says it has failed to read found files.",negative,negative,0.925265908241272,0.925265908241272,0.06573180109262466,0.00900225155055523
it's an useful app,positive,positive,0.8903389573097229,0.007273800205439329,0.10238724201917648,0.8903389573097229
is the white house in charge of it?,negative,negative,0.6060339212417603,0.6060339212417603,0.2928535044193268,0.10111263394355774
weather automation doesn't work anymore so it's stupid,negative,negative,0.9415442943572998,0.9415442943572998,0.050559453666210175,0.00789627805352211
some times its just boarding,neutral,neutral,0.7685111165046692,0.04780329763889313,0.7685111165046692,0.18368560075759888
i deplore pdfs of all kinds. <url> the only thing that can read a pdf. but this app does <url> it still sux,negative,neutral,0.5315300226211548,0.3922075927257538,0.5315300226211548,0.07626239955425262
installs another app without warning,negative,negative,0.9201556444168091,0.9201556444168091,0.06407947838306427,0.015764908865094185
it's your app so you get to choose your logo. but this new one confusing my son that slack is a game and he is complaining i keep playing this game all the time but have no shame in denying his rights to play games eternally. ps: unable to view old items unless we pay is gross.,neutral,negative,0.6613569855690002,0.6613569855690002,0.2972511649131775,0.04139183461666107
"other parties doin better ""reader n even writer"" than adobe!",negative,neutral,0.5813003182411194,0.09941540658473969,0.5813003182411194,0.3192843198776245
takes too much time to load sometimes,positive,neutral,0.8063596487045288,0.10508450120687485,0.8063596487045288,0.08855587989091873
it is an interesting app that uses a lot of memory. but great communication tool,neutral,positive,0.9089016914367676,0.009244689717888832,0.08185368031263351,0.9089016914367676
it's amazing and faster then other <url>,neutral,positive,0.9196234941482544,0.010398462414741516,0.0699780285358429,0.9196234941482544
best weather app out there until it stopped working. won't load anything now. please <url>,negative,positive,0.7075612545013428,0.02419978566467762,0.26823896169662476,0.7075612545013428
will be much better if it has read out <url>,positive,neutral,0.6494151949882507,0.025151075795292854,0.6494151949882507,0.3254337012767792
good overall but seems to have an issue of being unavailable or offline when other weather apps are working just fine providing the same info. <url> radar,positive,neutral,0.5099700093269348,0.009971526451408863,0.5099700093269348,0.4800584018230438
does the camera support long exposure?,positive,neutral,0.726497232913971,0.046392347663640976,0.726497232913971,0.2271103709936142
i enjoy using it. i just have to play with it more to get more experience,positive,positive,0.9124653935432434,0.009320873767137527,0.07821375876665115,0.9124653935432434
it helps me a lot,positive,positive,0.8836444020271301,0.00848662294447422,0.10786894708871841,0.8836444020271301
not bad at all. great improvement.,positive,positive,0.7772905230522156,0.013948023319244385,0.20876140892505646,0.7772905230522156
plenty of unnessary ads,negative,negative,0.8054714202880859,0.8054714202880859,0.1662023663520813,0.028326213359832764
the news feed so annoying please avoid this type of <url> or add a button for stop news <url>,negative,neutral,0.6469618082046509,0.2803090810775757,0.6469618082046509,0.07272911816835403
can be a bit complicated and in your face but it does a good job and is well supported by venues.,positive,positive,0.7592175602912903,0.008998295292258263,0.2317841500043869,0.7592175602912903
i liked it. no reply on mobile though.,positive,neutral,0.5780740976333618,0.03527965396642685,0.5780740976333618,0.38664618134498596
"works perfectly with snapchat, i hope soon it has more goth/alternative outfits and options for piercings and ear spacers. love the new hair options!",positive,positive,0.9389276504516602,0.009962700307369232,0.05110957473516464,0.9389276504516602
"it used to be a <number> star app but not every time i try to open it it crashes, please fix this asap",negative,negative,0.6766898036003113,0.6766898036003113,0.2860161066055298,0.037294115871191025
where's the support?,negative,neutral,0.6375551819801331,0.23706452548503876,0.6375551819801331,0.12538021802902222
i think nice but mobile hang krta h,neutral,positive,0.6076945066452026,0.010625842027366161,0.3816796541213989,0.6076945066452026
please add fonts in this app to write . <signature>,neutral,positive,0.7440710067749023,0.027299102395772934,0.228629931807518,0.7440710067749023
"worked once, then has never worked again.",negative,negative,0.9426780343055725,0.9426780343055725,0.04767276346683502,0.00964916031807661
fix the radar! what is taking so long? i'm very close to deleting this app for good. i doubt i'm alone!,negative,negative,0.8239628672599792,0.8239628672599792,0.14773738384246826,0.028299693018198013
it is good aap for searching and downloading <url>,positive,positive,0.7252106070518494,0.00809603463858366,0.2666933238506317,0.7252106070518494
while controlling shutter speed whole app is getting freezed.,neutral,negative,0.6828396916389465,0.6828396916389465,0.27869367599487305,0.038466595113277435
"no full language support. what a shame, adobe.",negative,negative,0.96323162317276,0.96323162317276,0.029256151989102364,0.007512318901717663
it's nice <url>,neutral,positive,0.6335746645927429,0.008394376374781132,0.35803094506263733,0.6335746645927429
"this app is not at all what i had expected. it is very hard to use. at the beggining, you get small info about one fature of the app. once you start to use it, the purpose just gets confusing, how does the tree grow? is the time a stopclock, a timer, im so confused! please improve this app to be more user friendly!",negative,neutral,0.5825010538101196,0.3462522029876709,0.5825010538101196,0.0712466761469841
lost status bar info,neutral,negative,0.813827633857727,0.813827633857727,0.15145526826381683,0.03471715748310089
it was fine before i was forced to update.,neutral,negative,0.644987940788269,0.644987940788269,0.3166991174221039,0.03831293806433678
